id,predicted_price
2591820310,378605.1
7974200820,846873.06
7701450110,1085940.4
9522300010,1893490.0
9510861140,746378.4
1761300310,256960.92
7732410120,810322.9
7010701383,613455.25
291310170,403139.56
4232901990,591215.2
6840701125,590829.06
3971700580,405089.28
4202400078,242693.58
6064800090,337709.47
2626119028,258616.2
3303980660,1047002.25
862000020,711935.0
2386000070,940825.25
1138000450,377020.8
1775800420,455540.25
2291401425,426842.75
2025770560,848252.8
3525069037,750589.8
9324800450,554462.2
8080400136,531077.4
8651540040,505926.94
9407001790,242463.62
1773101530,216356.42
9432900250,338969.16
1794500695,597347.4
2220069003,363390.84
923000120,463678.3
5728000060,532023.3
16000200,263907.16
1926059094,442530.12
6672900220,1020031.75
3629860060,837406.7
1822069109,430342.78
6675500105,380959.3
249000180,1906127.2
226059065,470477.84
396100110,307282.97
9264450460,350415.3
7853361210,370631.25
9474700020,301234.7
421000455,237991.48
3755200220,413927.6
7960100075,465009.9
9477100490,392926.0
9138100350,779975.8
1624049275,463084.38
2770606890,512419.16
1157200189,406972.72
2770601800,567327.9
9301300805,532259.8
2325069032,1159887.9
1021079099,340579.62
7215730040,724180.9
1853200080,464834.78
3224600340,702121.06
3222049120,426343.97
2113700025,291321.1
7893207925,210801.61
3586501085,525457.56
8024200010,377735.56
7116500705,178885.58
1598600209,312582.53
7204200025,831704.1
4206901505,545239.6
2937300440,939096.94
7205000180,327357.94
8718500665,368025.9
5318101765,904781.9
4122700020,908878.56
8078700020,517319.47
3303980680,938249.2
8924100372,1203537.2
2781270210,209409.42
519000043,537044.5
3225069301,1543512.4
151000075,713895.8
2297400020,424029.44
6617500085,632723.25
104510180,237562.9
3528900060,972653.9
3345100286,534751.8
1226039130,439205.7
8712100720,791864.4
3037200010,374758.84
3626039268,398904.78
104510230,245119.89
5112800060,423483.47
6072400280,661737.06
5317100570,1139729.5
9528102993,537284.75
2919201095,504865.16
6181400920,256862.42
185000161,240433.39
8691400010,753691.44
3345700165,548095.5
6151800486,214951.94
4340000080,1261850.9
4136960010,562775.44
3634100030,364655.88
1624059224,1076480.9
2788400090,260987.81
9828200762,468227.25
7524400250,549174.44
3528000290,742469.44
5700003630,2204638.0
2720069019,350597.16
7227501170,227562.61
2397101270,582725.7
6792100090,741641.44
2770602265,554460.06
3971700937,279634.06
422049203,218833.92
3076500830,279118.78
1423400260,283986.22
9161100795,465823.06
3126049052,480136.66
5100401468,405635.12
514500235,400736.94
1423200170,216374.78
1402100070,403417.62
624110020,747931.0
2407000145,198404.2
1890000225,877130.3
1320069271,337781.3
5490700085,353645.94
263000155,490568.88
3726800201,423499.62
5153200358,297652.5
2725079018,780155.8
7165700200,272542.22
9429000170,567348.94
8718500075,367061.97
1760650950,312370.34
1068000559,1292355.2
4113800500,686273.9
4077800507,507828.16
2725069150,746720.8
4008400035,662631.3
7016310270,413404.88
1432701230,238922.52
3278606050,338682.22
2473350710,388185.72
2185000685,158119.44
7792000025,392152.22
6868200029,493332.7
624069003,751931.06
7431500280,841885.25
3296000040,572336.1
1118001215,1501979.0
6453900040,731084.0
333100209,735027.6
34001765,588190.7
8946700100,381864.7
5561401210,580386.9
6671900095,362690.06
3275850020,699563.2
3876300600,398437.53
1450900020,266596.16
8562780280,320404.4
7663700973,331840.22
2126049032,363042.72
1823059159,151405.84
3438503426,288603.94
9297301495,477986.16
7140700850,379342.4
7942601805,688555.25
2555900030,361568.03
2887970040,271040.94
7419700010,643960.25
2239000011,376636.28
9283800050,328625.06
9407001340,276023.25
217500140,529572.75
7212660520,249801.95
3298201170,370112.38
3057000400,276125.94
6865200444,497778.4
6071600340,500576.62
6821600005,732068.44
1235100371,773597.56
7796450340,331794.03
3603000410,183093.52
9297300255,478773.16
9126100850,513549.25
2770601462,488101.6
2599001500,218245.36
1102000095,779017.56
1853080640,948251.25
9551201585,992872.1
3438500796,327856.88
7518504291,520388.84
9269200340,412054.03
715010130,1485840.1
1982201485,580110.75
9526500080,398849.62
9277200180,449998.66
6669150280,293966.84
8917100153,609055.8
3760500516,1121893.8
2725069050,945892.1
3332000091,336801.2
8562770080,581013.8
8151601190,247155.52
8563040160,623616.4
240000269,663770.4
4307350200,312052.66
1311910300,270246.22
3574900030,503388.22
7853230570,439709.84
320069049,395215.47
9839301060,661436.1
7011201333,605301.9
2781320100,291754.28
3421069120,432339.5
7852030320,465323.1
5316101075,2357203.5
5309100750,555883.75
629000730,713453.4
511700170,293697.53
1562100030,543473.5
2489200230,550250.7
524069116,500533.2
5315100737,941859.44
1868900675,859568.9
1608000120,340614.06
705700240,342985.44
7575600610,265575.28
1778500015,640189.56
5423500240,204980.05
6713700025,332106.78
2734100734,307366.8
301402280,216744.47
2113700205,286865.28
4114601570,3050500.8
3332000615,313773.03
3630050180,351690.88
6852700520,533917.6
6870310010,619993.1
6163900981,329036.8
393000142,391412.4
1771100130,339335.94
1442860160,388554.25
9191200435,585354.7
6788200800,905076.2
1115300070,699313.06
3176600105,708465.9
2770604665,575221.5
5469500580,440051.34
5680000545,484159.53
3424089119,569464.7
1328300180,332833.84
1773100922,386034.16
4123830480,337867.97
9808610190,1049847.8
4250200140,267927.16
4217402115,3658043.0
3831250350,370857.53
2397101055,780739.4
6817850110,805144.9
7526800200,629544.6
7853370100,645797.94
2523089025,848852.44
9476200680,263815.8
5714200140,408440.53
3575304895,555775.6
263000018,407233.62
8080400177,506624.16
6450304130,340936.44
514500090,573938.2
9477000300,427723.34
853600310,1392214.8
1951600240,204007.88
1099900120,335787.1
5323100120,527759.75
1223089016,420610.88
522059172,242853.56
1930300190,718517.1
9542840410,297459.84
8665050530,502264.2
5592900205,382567.1
5450300010,582572.94
2459960030,338814.03
3331500455,535605.7
3432500705,412027.3
3702900165,321111.34
5249803550,559193.7
626049058,418051.06
1788900380,178418.06
8075400360,219564.55
9113200250,785651.06
2738640040,682524.1
7821200307,484035.34
3530440140,232307.75
3582700130,435050.7
9276200569,705212.7
7197800020,580936.25
686200490,559948.25
3501600100,372170.94
6383000690,596936.2
7604400150,358873.0
5249801411,759193.5
2607720420,440527.06
9561100010,392507.28
1796370590,253253.0
4077800593,371582.6
854000165,245169.92
5536100010,664793.5
4188000670,825906.44
31000165,1405627.9
662350050,947443.1
4137000280,267660.0
6169901130,986780.7
1953400510,245741.1
7518506716,1061081.0
1552520010,382716.34
7955080270,311970.8
9212900100,516834.75
3438500798,323583.88
7899800890,226295.05
4319200605,454125.75
1329300480,373901.34
8935100100,813598.4
5016001260,389739.97
4337600280,287673.22
1446401220,189837.64
7135521530,658922.1
6888900115,232371.56
2413301070,288973.8
345700040,273414.1
5566100145,441250.7
7634800070,361700.12
9346910500,632252.2
3529300060,318861.1
8128600060,1141878.2
8572900275,192003.23
4139420590,1419339.4
9274200322,592923.25
1472700200,576537.94
8820903380,596479.8
8563010130,878614.7
8965450110,842262.7
9274204230,476641.5
8165501700,352444.97
2193340260,525677.6
1860600290,851541.1
1222000055,183631.6
2492200280,437932.94
2488200455,388076.16
809001520,1018045.3
1796361140,241670.64
6398000011,782385.1
6813600365,528142.4
7504100920,809213.2
8835770330,641980.3
524059322,743311.8
4307330280,403073.06
1245002952,1056500.9
2021069059,251030.9
5700000595,677093.9
3629970930,726822.5
3336002215,272737.25
5100401060,639392.06
3278600750,260366.8
1126069045,1045647.1
7568700175,337264.03
452001475,488292.5
9283800230,486574.4
1737300130,542870.56
6189600040,484687.12
3679400025,485808.88
1096100010,332638.03
9513900050,237135.55
5452800645,744934.06
273800100,226083.66
7228500037,465058.7
808300090,475311.5
2493200215,599382.9
5035300255,719970.6
3380900160,379449.12
3630000130,413405.28
7300400670,291887.03
6798100070,353292.7
8078400010,553746.1
5566100060,491841.2
2768200212,500632.5
4035900060,591411.44
9460000110,343615.03
7199320190,555153.75
2225039081,498910.0
9512200050,570446.9
2634500085,310870.75
3654800200,286229.38
2724079090,1200385.0
2597520720,761569.1
3034200426,399767.0
984000130,299628.78
7852020670,451682.38
7923500060,656090.4
2310030510,292678.1
2205500540,469596.12
2493200015,452220.28
7853361420,576582.5
5652600605,520331.28
5285200020,313116.88
9406530150,350269.3
5706300020,496688.7
3278602490,411137.06
7197000100,519748.03
4447300008,528982.2
7899800045,240688.27
9250900095,368157.53
9268851740,600429.25
8682261440,490370.06
7284900385,841291.3
8079040300,424210.66
2225300585,387842.3
3223039013,462275.56
2013801350,255498.66
4055701110,816626.2
3578401770,434757.84
4046500720,554613.44
6145601745,342728.12
5207200195,675932.56
1972201856,546324.3
7212680080,249308.34
7277100510,609451.5
522079022,527074.1
5605000440,806546.6
6632300230,382201.34
8815400165,647195.0
6708200320,511511.0
2426059076,577418.3
3260200200,547777.8
2770601741,481722.22
4338800500,231469.16
9201000320,755831.4
7655900038,323964.0
3625059140,586703.25
4222310010,219151.17
2114700115,305526.22
3291800710,320900.72
9406590010,393089.78
3025059124,2507517.5
7972601250,361790.16
930000470,955590.94
6690500060,505111.25
16000015,187590.53
5693501102,551352.2
8079040490,454681.3
7225000155,341922.06
8819900170,762532.8
7972601270,317383.3
1224069074,810976.94
5126900321,368773.2
3438501860,297567.66
2822069080,425073.25
1656600310,551117.75
3856900507,1153487.6
1626069139,473970.75
2524049257,1327270.2
3904960150,538979.9
7214820610,434187.3
7977201845,586792.25
2428100080,836457.7
2202500135,412681.28
1523550220,684492.06
2313900610,418301.94
4123840050,375995.7
2125059124,997701.56
1225039067,467286.03
6431500283,478889.12
2473380010,295387.4
5694501195,415095.75
2881700046,355420.0
6837820330,320683.8
2337300370,199064.72
3876540630,217876.64
626059317,364053.0
3374500520,347918.53
7228501903,368690.53
4019300051,476208.06
4232902615,609923.6
3546000090,252643.4
8127700215,781407.56
3438501100,366835.2
1769600066,699021.7
8146100610,570477.4
3052700695,552644.56
7954310210,614724.94
3761700053,1816493.9
1320069179,342649.03
1331900410,765577.9
7303100210,338209.38
2464400285,465568.56
6163901150,361686.3
8955800045,352497.75
2314300200,409527.94
9528104360,391561.75
4177100005,619780.3
8856960260,318211.3
1828001220,608920.5
3066400710,699909.56
624110610,855382.0
4040800260,399219.16
5019500215,518296.25
2481630180,977590.94
7203170190,688639.94
510001280,923665.1
9430110120,718744.0
1565950030,331896.88
9828202255,824072.5
3878900270,427850.62
8091600080,205045.94
1112000035,326805.5
2228900270,310313.0
6648701740,308157.22
1245003740,647632.75
2174503441,493224.5
7708250010,321135.56
6072300110,594949.3
2329800140,256874.67
1494300040,519253.6
3832050130,279670.6
7203100730,905211.7
7199330170,465293.8
7785000220,719639.06
1250201175,422926.5
4054500180,1072889.6
7905200061,451024.66
3751604895,202561.05
5220300140,274817.9
3323059027,335427.0
8651611980,881111.9
8673400190,538689.56
1668500100,816801.44
1023059365,545377.94
3308030060,330752.4
4232400860,902178.06
2144800615,231224.25
1568100920,1344890.6
9406510040,497980.2
2923049421,336386.78
1051000040,1544438.6
2077700042,613400.25
9423800030,267457.9
9818700455,633521.5
7133300675,346999.66
4113800550,698030.44
5553300375,1697514.1
2025701530,276239.47
7942601155,453977.22
7524300020,287205.0
2520069100,285680.7
5412300410,224829.7
7504110760,742227.3
2594200350,413223.2
2722059013,229714.5
8078430480,557705.6
1423069162,507205.72
8856001090,166621.2
7000100631,784101.6
4222200280,227043.86
7971300050,597420.3
2009001600,248402.23
6619910140,715848.4
2877100985,514705.4
1196000007,353667.53
1330850130,738365.5
6664900410,271386.5
1231001110,311781.06
9235900030,268508.8
9407101840,309859.06
9523103001,391748.88
2149800278,367970.1
7234601198,659102.5
9476700035,383911.34
9297301065,561351.75
518500700,791397.0
7843500090,326557.5
6056110780,313746.1
2345700260,335046.25
3509600070,224420.53
1431700280,344241.84
1623049174,268373.66
3024089049,329630.75
7853340450,398354.7
7732410360,813188.0
1446800995,303457.22
2946000285,236233.34
425079100,469864.9
3876313040,429805.06
1762600260,985711.3
1925069121,830393.25
7443000480,836105.1
7820000015,343245.25
4027701253,478380.62
2826049165,373327.3
5426300060,841996.06
1278000210,171542.84
923000270,361601.12
7657600005,259830.27
3024079057,402994.28
3276180020,310033.16
7304300760,300387.53
3908100020,518632.0
8835400805,740097.6
4051150070,212041.83
3904930530,456652.9
6163900971,376515.25
7942600310,411958.53
4365700330,274757.88
423059207,282846.4
3992700265,324150.03
7177300090,491112.34
2540820010,637641.4
5700002510,1062105.6
5201000030,562768.5
7631800015,1411943.8
2922702965,710972.9
1525059198,897573.9
1245003160,773973.1
3810000455,309812.97
7855600080,641682.8
5701500030,1169714.4
7504020400,622493.94
1402600570,313111.8
7575610760,273811.22
8731990370,371144.84
5021900090,784504.75
290000075,415706.22
2841500010,497692.5
3955900830,425550.25
7852110140,555914.5
1311400350,256000.38
7773800015,586588.0
4123400320,488219.84
2725069157,842759.25
666000143,751202.1
5101408678,499489.84
6371000026,357233.97
2024059084,679280.6
7283900036,345933.1
8881900230,717811.7
3959400135,357509.0
7696610270,226425.0
1689400150,801551.7
5103900015,434502.53
1441000350,452542.12
5101408735,326043.44
3126059027,1932263.4
2320069014,528358.0
9541600015,661915.7
8682320420,730925.06
1562200090,597240.9
3395070980,572941.25
7349600230,246316.64
522049122,257649.47
869700060,303792.8
811000055,1176343.6
1221059176,394844.0
1523059103,428533.8
2025760210,740488.06
9218400088,304977.47
8682292020,461778.97
2623089135,423468.12
3758900259,1374585.0
524069049,622900.1
3121500150,801606.75
5581400080,786358.7
8087800020,452699.25
4070700290,743265.06
3296000170,660513.25
9238500040,510405.84
2744600040,355004.7
6813600380,623578.3
6140100150,493224.5
2201500555,456741.3
2600110250,626186.7
4337000275,162821.48
1186000150,554718.7
1972201963,518463.84
1105000745,365895.34
2887700560,583402.44
4039700080,698747.75
522049104,291093.94
4202400078,242693.58
7520000695,190865.66
7714000310,400586.38
4319200060,707910.7
8624700015,650373.44
5104520610,297908.66
2354300845,286715.97
3824100291,477182.75
6151800612,253575.39
5454200080,1012405.56
6413600290,367171.22
2131200065,314839.53
1459920010,282892.8
50300090,396272.22
2326300090,661540.8
7714000070,401455.7
3630180500,1014741.9
1727850340,963072.0
8691430330,1009438.1
2310030390,254078.89
5561400610,528906.5
7010701016,517512.4
7883605915,260654.0
1282300995,347095.66
4040700310,495573.97
3353400435,237489.06
2143701015,518119.34
255450020,378475.88
1020069017,385889.5
4038200120,517571.66
9284801100,277456.06
1965200075,605106.75
847100047,537336.0
4038700720,505302.03
6815100085,807824.5
2508000020,267914.38
255520180,687280.56
6822100750,597592.94
869700050,330563.84
1775801405,572369.44
6600400090,223550.08
7202330270,441499.88
1683400165,824640.1
2625069070,1063281.2
7625702440,420709.16
3388000640,231664.6
1899400365,290539.78
6899990200,827197.6
5569700020,868351.2
986000045,298348.22
3293700221,319131.53
3764800250,352336.75
2291400566,362762.38
4219401236,1442150.0
4239400840,174240.45
7211400990,199367.75
7696500280,202749.28
7215721070,499926.38
3204850140,353524.56
4322200220,634518.56
2566300100,997224.06
1944900090,419585.22
6648500390,283419.12
7385300020,723307.75
1704900135,367472.47
2877100655,697677.7
2726079098,600080.06
7625703800,467773.8
318300040,511987.34
7922800190,508377.16
2023049361,223226.05
8946400210,454693.88
6071600450,524527.8
4343800100,424275.38
1443300140,382580.6
1024039001,830649.06
2767704860,634599.0
7234600851,613200.25
644200065,809311.94
7784400035,706546.94
3826000560,222064.6
9272202260,459856.72
263000253,441382.84
3621059043,585970.2
240000130,498949.5
1352300120,185705.67
7849200861,276774.75
2487700130,501397.0
1796100140,285734.38
7234601221,503655.7
8651710190,445372.3
2916200091,619057.25
1232000915,535498.44
1545801970,268622.53
3211200420,323392.62
7686204675,196972.88
3141600210,188209.11
3959401284,496218.56
2113700825,266397.16
3876000710,407373.47
522069022,529745.0
3214200070,391529.28
1221039156,301456.84
259600790,431482.34
785000040,483987.8
8138870470,486904.44
2596300035,328337.5
540100057,1325898.9
3073500045,487515.44
5363200266,388564.25
8682261650,519224.88
3224510080,834189.7
3211270160,433219.44
9269200520,185462.48
293810190,480152.22
4197400043,310992.94
3026079031,365750.9
5332200405,954799.4
2473411210,308321.25
9268200315,557491.3
8123500050,598519.2
3221069091,501224.4
2485000165,626073.8
4058800215,609028.56
1926059039,825728.5
2533300680,984321.94
3343903640,345260.72
5700003705,1439146.8
2023049372,411772.38
4058800830,644427.8
3333002302,402709.6
2944500340,298741.12
1982200790,525835.06
8929000270,482340.97
8122101440,307788.62
7525530470,771530.9
9332800020,612225.56
3878900525,256698.1
5420300210,251734.3
9232900165,314932.62
6414100026,391278.06
3013300660,702903.6
7954300120,589369.25
1081200360,325664.62
2877102345,511527.1
2202500255,484819.8
7984400050,213887.38
9558020380,449868.66
7812801850,200945.78
8944460020,369832.6
2306400040,566686.56
8649400410,381580.72
7889602020,235279.38
2041000025,451899.53
871001484,603151.3
2767602141,519457.66
3630180470,796925.06
2769602140,431396.34
2473250280,326793.66
5422560660,516243.6
3756600240,360781.3
8651600160,766038.7
7202300540,887444.25
8961950250,440648.1
3303000130,435423.0
798000062,272280.1
1695900150,838435.1
1604730150,511263.25
4136930310,358121.53
8835401250,1401951.6
8665900328,416718.0
9262800255,283086.3
1853080570,833631.4
5556300114,782610.5
9517200290,410639.4
4037200295,489933.0
7417100123,380954.97
2620069077,197036.58
7922720040,630648.5
558100090,548023.4
257000037,291850.56
3319500385,476370.66
9297301520,318696.62
3580900090,364831.56
1321039076,178821.61
7227801581,295243.5
9407001620,290661.2
2130400150,325351.7
2312400200,256895.0
4046700210,395714.06
1193000480,969262.94
1492800296,529679.3
3013300017,419057.38
3630240140,584711.94
1049010390,332617.1
9320900420,165818.77
4315700060,344550.56
2591010290,319311.47
323089085,636775.44
6600400270,214884.1
2919701105,481020.28
7202360670,892763.3
8927600100,755516.44
3211700045,614506.3
4027701326,482862.44
1601600195,278438.16
7853280350,775714.1
3629970130,708412.5
7203120020,847284.25
9542900190,362450.47
8035350120,514801.12
1238501184,1037470.25
251200240,476754.25
8945300200,201335.19
2162000160,1081406.5
5466310060,194449.28
1239400064,864022.6
5205000020,318315.72
1720800305,687335.6
7280300375,574119.94
2095800400,464833.44
7852010950,546809.06
1428001160,524795.0
9528104910,609580.56
8644210470,860367.7
7923300310,490110.6
254000100,597702.94
1931300688,468696.8
7007700030,458519.34
422049178,234320.53
422069067,433000.12
2923049393,390492.25
930000305,469598.34
2461900448,479586.12
2610100020,293231.0
2895550050,249469.36
7701700040,277025.38
2460900020,492950.34
9827700105,592920.94
1005000240,267899.03
7200001254,515656.6
866400040,531358.0
305000170,664002.1
2260800110,921878.6
3442000127,716414.5
5253300437,458006.7
7576700150,1084234.0
5469501410,493922.56
5104531120,630688.8
723049434,333568.5
622069006,1217555.8
2517101200,309737.34
8159620160,232682.02
5561300640,431333.8
3317010130,225539.25
4364200250,398562.2
8732300060,733741.0
5603700025,745124.5
3585900190,1028107.44
3996900575,250026.7
8731801260,238808.61
3810000860,326088.22
5700003585,2310429.8
6332000050,466005.22
9286100250,430495.88
9471201110,984239.3
9290800050,569116.1
7300200400,640179.75
526069024,882013.94
1454600156,889105.5
3904980360,506643.0
2626119062,277619.12
8651730290,437608.97
7611200195,766396.06
1919800260,638089.1
6632900354,282352.12
3972900195,322908.78
5151600170,313378.88
7016000440,458539.88
871000435,736944.44
9578060540,504174.22
2332700060,841866.8
766000240,284171.53
4363700200,299318.34
7100000250,319230.16
2781250560,213626.66
2781250100,338711.62
5419800220,259338.38
7147600245,249370.66
2926069083,897926.6
6189200125,710486.9
9542830160,297403.94
5152200020,267622.25
9412900045,483378.0
6600410480,189817.72
6979970080,544566.6
5636010280,279023.22
1732801300,842282.0
5561401530,460498.34
9578500510,379463.6
7304300906,323906.53
1223089077,626765.6
721049207,274215.22
8691330310,837039.4
1523069204,459583.16
3188100105,634723.7
6608500290,402865.94
2891400410,349193.34
7663700551,298211.97
5413200140,253618.92
425069139,620115.56
6713700155,373969.44
2767603505,486593.88
7789000080,278480.12
9211500620,232439.38
3750604417,199210.75
7922800320,544943.3
1471620240,369213.06
2222059052,356006.88
9551200270,953581.8
2767603160,544653.94
9406710060,369297.22
8929000250,369514.6
5538300120,412952.12
2223069120,436988.4
1652500060,1801795.9
8564500240,418660.3
3629700120,620684.1
3943600070,397773.12
4171200025,286361.8
2425049063,3947238.8
9828701650,391465.06
3581000340,355327.5
8100900015,380009.0
2125059161,1094064.1
304000380,208215.58
8146200070,1397667.8
686530170,545010.4
2917200645,438971.6
9547200530,778623.2
2122059199,381836.28
1150000740,643672.94
5706200060,330284.94
9265410010,233028.89
4083800555,507535.72
6152900332,332061.5
2520900301,231294.61
9828200790,474064.75
1657530180,284181.28
7471900045,247822.05
9828200460,425512.9
1775900140,450680.25
6139800430,453104.38
7214400005,501189.97
5332200026,498589.4
9510970300,817014.9
2540830020,408589.75
3392100140,191096.06
1326069191,356250.75
2125059112,1028748.9
859000022,348913.03
8854100350,652898.4
121059007,212178.56
7977201707,484494.4
3859900060,2847536.5
8815400735,735043.0
705700530,332142.9
6600780130,368318.03
6378500105,436656.38
8143000310,465151.84
2877102330,630130.9
3526039074,649751.0
2115510300,258214.73
3024059014,2028971.0
2141330360,586631.06
546000400,499089.88
2071500011,440173.06
7972000240,225728.39
7016200460,465056.03
6204200180,433351.7
1552100135,1135230.9
88000173,431402.1
2581900235,796450.94
9211500560,224373.89
621069218,424798.88
1321970240,288151.53
798000630,301947.4
421000285,264819.84
2824600180,872045.0
3832051140,325332.16
1237500105,689515.3
8802400906,261144.67
3166900270,412206.53
3682000060,389651.88
5469700020,293811.56
1245001820,606063.2
9547205660,571563.25
7974700122,768016.7
7550801225,559900.2
1099950050,794852.94
1402900460,317774.0
7636800041,1037954.2
2115720270,258946.4
8651441750,197185.83
3904100035,282029.2
8815400020,612598.75
3303860590,484347.97
5427110040,994271.7
1782000160,330416.0
6204420290,501663.88
3995700245,267917.7
7955040130,439782.0
1442880650,533300.4
8833510230,906304.4
7283900551,428691.2
4396000180,255119.31
7504021310,705934.0
322059264,261982.31
3654800040,280072.84
2767704777,506628.97
3278602190,349393.88
3236500220,496796.22
3410600100,303316.3
629410180,735583.0
3352402250,170161.3
4363700304,348176.44
7237550130,1277185.5
9808590210,1224219.2
8074200175,271071.44
3463400330,439226.62
6306400140,752696.56
8564950250,536777.25
5381000070,212209.94
9826700697,470162.53
8132700190,447567.66
7943000020,177508.19
9547204675,594839.25
4112100101,516510.03
727500030,557603.0
114101426,361174.12
9274202005,768974.56
1193000380,939003.8
3039000020,446811.94
7852170130,690729.56
2624079010,571439.5
4137010540,292466.88
7576200012,814126.94
1138020020,331529.28
3969300030,187834.53
898000200,211569.56
5153100030,313990.06
5104532030,496692.47
4406000050,224127.52
9274203390,630871.7
8682290360,452049.53
6928600330,255582.5
4139680070,888891.0
6844702690,457862.56
2154970020,1976496.0
4385701285,1137266.0
2426059071,580503.1
2867300160,509398.75
9512500720,514987.25
1773101020,286969.53
8687800100,290651.75
3627800050,1287795.6
1604600227,308156.62
3300701170,420025.62
9250900111,474510.28
7015200790,601110.5
1311100490,234989.88
2469000010,897625.25
1982201596,574515.4
1862700290,343202.38
2586800270,228181.08
9528102772,449294.12
5490210200,458657.97
6669080020,420729.22
179003055,220037.66
1860600535,849580.56
1592000130,615754.7
3905040170,534623.9
9320500080,250710.78
9276200850,440641.34
224069114,620381.1
2260000340,582251.9
5096300130,391212.0
3432500215,358736.47
2600000050,725706.0
8856003839,230939.53
2492200435,394682.5
7855900110,1078352.0
6806100250,312693.75
2770603523,501840.44
1370800515,1648550.8
2726049150,472497.2
1226059161,544876.8
1068000375,3007345.8
9528104109,454108.88
5126310060,500839.28
1951820070,552460.2
1545805980,390227.2
9464700340,938231.3
4319200675,832080.1
7518500885,555248.0
7852020620,493028.84
869700370,347300.28
8643000190,256882.5
8902000267,525443.56
7972602435,268684.03
2050100210,945538.56
6705120540,476655.12
2767601390,610037.06
4141000490,1211725.8
9345400350,694122.44
3222079162,332359.0
7789000120,257598.86
6646200770,712181.5
6666800180,813212.06
1725800280,489798.94
6117500460,925866.4
5470100220,230900.33
5457300478,473988.8
7550800195,578234.44
7787050180,576455.5
6204430250,526438.2
7640400250,490574.0
624110920,784621.5
3629920140,346075.3
7173700518,666182.75
3210200395,238443.81
2473480560,402229.4
2623089141,493457.84
1423800080,230481.66
2076400050,282143.78
3832060120,302453.22
7702600930,425031.1
5101404555,410820.0
3723800415,447294.56
3356403400,222791.75
9214400125,508238.53
1797500530,531587.1
9551201660,1144761.1
3878900815,359894.72
1760650280,329875.1
5466410030,239613.22
6388930620,636756.6
2331300395,804853.9
9412700160,284377.84
871001611,604412.4
3142600120,622169.25
3995700220,352164.1
2310000280,281513.78
8039900400,402448.5
7504021510,723110.5
1959700445,1538354.2
1556200155,592103.3
3629960590,364176.97
259000240,457599.34
662440020,400314.47
3123049142,495754.53
321100260,791816.0
6840701095,538869.4
3738900165,414178.75
4427100130,401231.78
9238500100,471195.84
6145601810,387102.53
2570300090,375639.4
4017600010,486060.5
1005000220,339965.66
1257202120,490135.38
9527000490,481733.22
8691400080,724046.94
1726069084,447328.28
248000240,207795.83
6113400046,345890.2
2130702350,371179.88
920069052,237843.33
6071300160,544161.7
1623049041,146544.19
9268200285,350902.88
1843100520,369848.47
2887700826,593219.0
9122000385,557874.8
9475700220,380764.28
2804600005,790586.9
2896400300,375312.5
5015000180,729533.6
3630220180,835478.6
8832900780,570935.6
1568100300,423040.66
8718500610,390216.03
4147200140,1086004.6
1973700030,1000871.25
8862000075,181241.58
9320990110,282837.78
1151100035,401603.5
2011000010,229038.12
1651500060,1075473.2
446000190,806021.44
2344300220,924082.75
523049195,239337.11
9191200015,671854.1
7942601410,746470.2
7137800300,214359.5
7853300280,509524.1
6654700240,328877.78
569000050,586399.5
3584000180,232401.03
2026079055,349826.62
8898700880,275433.97
5075400150,642724.6
8731981360,349955.1
4222500020,218074.55
7996720050,576469.2
4077800094,651265.94
6446200365,611265.9
2824089053,500689.3
1311800220,219069.88
3522049063,681688.9
1721801280,184137.53
6131600240,189379.97
7202310040,619994.3
1123059125,554957.9
646910160,236984.75
5630500005,370894.3
3342100785,305949.88
9547205610,617812.25
1773100123,282926.28
3353400092,306055.5
217500015,377695.22
3649100031,400377.84
7896300150,286412.06
623049185,249224.44
1773100430,314307.3
1781500220,796202.6
3395380200,245946.47
2424059170,2505731.8
4389200765,1536630.0
1543000060,490978.88
6154900005,604078.1
2902200240,459802.34
1442880640,541168.4
8562770490,540952.7
2768300655,572509.2
3432501315,316209.56
5035300570,765597.56
3626039028,441721.84
3876540780,241027.77
327000100,910975.94
7551300065,497406.84
1312920060,244787.23
2215901230,259063.98
6306800010,447892.2
2767700022,478650.8
5589900610,503434.28
4320200020,677553.8
5249804655,676594.9
9238500480,534588.7
3885806565,1062840.2
7905200205,440570.34
5727500102,326732.56
3585220070,393278.4
2078500210,560107.4
1839920050,387358.44
534000080,317202.94
856000255,601910.75
4141010110,1500203.9
9558040820,651003.25
7768700315,1012233.75
2796100640,282038.6
1922059010,222275.62
3448000542,279900.34
3883100220,282535.3
7237301210,277457.94
3893100456,934220.6
9578501110,361744.28
6145601995,439763.97
4024100120,310321.6
8899000050,332217.97
3396820010,559031.56
6749700117,331494.8
1954400060,524726.44
3303970100,762932.9
2540850070,455477.28
3797000745,496736.06
7883603700,266713.12
3438501452,387662.97
3530210260,706746.44
3598600049,179991.73
731500170,355945.44
7129304375,174796.34
263000006,407780.03
7212660560,305862.62
1112700010,414412.66
3420069060,655480.6
2473000470,421129.03
8691390980,729578.2
6184700100,434009.28
4476400275,355589.53
2968801240,286929.3
1529300160,429400.7
7640400070,623716.25
7016100380,444097.34
2172000890,456436.94
4035900015,751798.4
9528104660,1045626.2
507100005,357900.62
2783100160,407950.4
3629921140,834786.56
1099750610,234060.11
1330300451,1161654.6
2757000030,838283.2
2114700190,344626.16
2050000020,1062094.5
3832500790,277048.88
2612000390,320138.7
1483300430,438140.56
8899200720,291383.34
9183700470,310307.7
3530490031,218984.66
7857001225,320453.3
7920100083,389881.6
2254501620,440520.34
3303000130,435423.0
3876200070,402307.3
369000365,337489.9
3052700385,714782.8
7856550240,737442.94
7300410110,376458.88
7201800300,423288.03
1695900060,492674.47
9429500146,919810.5
3629910240,668929.2
8805400090,242980.28
1022069050,263565.6
1138010530,372388.94
7877400266,156123.25
7974200452,1019681.56
2126049265,455186.3
9547204350,711404.25
5560000680,181954.23
3793500550,305838.12
4217401195,1026582.94
1826049408,374743.1
3905100210,469063.03
7695370160,460249.84
3210400060,231910.62
6146600170,152370.84
2767601750,457823.72
1773100926,379928.2
5700002125,545932.1
1951100100,193387.38
1402200340,337696.28
8044200200,368707.06
66000070,282654.16
5083100065,200667.34
4027701284,371848.1
5693501100,547411.2
3600072,532969.4
8078550250,308368.28
1922059046,275149.38
2902200016,631201.5
9183700845,148070.27
3333001997,323548.72
1432400525,251717.25
2824059128,516495.75
6453550090,901331.8
6202600070,1337645.8
7524100280,224437.02
3524039224,847569.5
5739601300,442269.38
2473000410,400517.62
421059018,297672.1
4232901120,720993.75
5559600140,238342.4
3797310150,283184.88
7986400265,775699.3
3025300095,2551364.0
7524950830,568514.0
9407100730,270038.3
3812400854,389182.84
6002400030,353430.84
2212200090,239674.47
7202330610,509370.56
7300400170,332907.16
8965000110,480770.8
3996900125,345178.75
2221000100,288812.06
1524079088,320338.72
1133000036,357456.5
1868901190,634512.5
4037200530,478759.9
2095500120,328222.6
1995200338,800547.9
8820902350,775780.7
7459810210,367872.56
9536600010,493391.5
8085400586,1669702.2
7518503065,371874.7
8682320350,612457.44
3179100790,767277.25
9828702666,499913.03
6713700250,528197.25
2141330700,623323.8
7519001990,426276.1
3223069019,337636.38
7994700030,348087.12
2592300450,308730.8
2792000010,413040.75
173000025,364434.1
7203150330,650743.2
3305100210,873952.4
2581300055,975400.6
6613000750,1570652.1
7015200685,657046.5
1323089184,439631.88
3793500510,388310.12
2225079030,323064.94
3578400710,397712.4
8100000090,268616.9
2095500040,321641.28
8682281710,699397.75
6163901380,303111.0
6918720080,641877.44
6914700130,497931.28
1205000215,463285.78
3800008,278163.47
6150200180,308231.88
1223089066,805753.2
7768800290,826439.9
9285800330,849454.94
1974300020,512840.1
7628700050,849183.6
9376301800,674184.7
8651430220,186176.12
629810350,817189.44
5016002180,861998.8
9558010230,354133.62
8732000390,227228.2
7899800586,366679.22
5249802460,422036.88
1446300020,567069.3
7785380150,491512.0
1245500950,639253.7
3362400640,631078.06
7578200310,741961.94
4137020910,281930.78
11520640,758025.1
7972601995,251281.44
8122100160,405462.66
9456200450,290169.84
1328320760,335904.0
4025300285,341680.84
2721600125,1019560.06
1123049027,208482.23
3542300060,244085.1
291310340,525681.6
8651720420,434372.44
3298200790,401480.94
4037200585,448724.6
1329000090,1503445.1
9279700013,1131023.0
4151800265,413876.7
7760400210,237960.17
5029450110,214711.81
9492500160,851734.44
3578400270,441186.72
7606200090,304000.3
3682000050,361139.66
1250200415,342441.25
629811600,696465.8
1839500115,330507.72
1176001293,1389192.2
3013300409,374912.53
7853280370,758427.2
3275780030,604680.44
3336001946,262139.27
5456000110,722052.0
2473250400,293821.38
5393601635,541242.2
8820902905,370589.56
1245001659,732663.5
1523069215,473952.22
930000234,484358.6
4083301645,717831.56
4055700778,629753.0
2781230080,432211.72
3629910210,678279.2
7856700060,622663.75
7589700055,449220.4
3888100043,355576.3
6381501636,379734.4
3303951150,383637.94
8638500170,377447.84
5635100050,418343.0
8820901792,824294.1
5456000025,1187556.9
985001275,143653.84
9560500105,658396.4
1421069117,244752.69
4154300296,319108.72
795000620,134909.97
9828702335,491111.4
1250202145,1007651.06
1163400070,266369.72
5652600065,627037.6
1042700050,796925.8
8899210320,359085.97
1651800030,1701600.1
2919201365,769132.25
4365200895,309118.53
6841700100,840201.7
7376300060,437123.88
7852090180,541293.75
9222400565,581925.44
9542400075,897074.94
7338000150,181864.2
4322500110,590768.25
7694200070,422139.94
9321010130,265429.7
3204300455,1119114.4
6706000040,281349.0
1565930130,427380.84
3279000420,217355.73
194000575,510668.75
2115510160,246712.55
7522500005,580862.56
3787000140,460486.06
7852110690,640642.75
5469700260,370909.2
8691410730,710625.1
114100763,337967.56
1257202430,872422.6
7000100635,489066.6
1900000195,183137.7
251500330,1902330.0
7701960210,819742.6
4037000065,430625.22
522059299,256404.02
6072300800,639734.25
6821102358,552303.2
5029450200,225061.81
8860310240,594145.9
826000295,364351.72
9417400110,395144.62
3959400345,785224.9
8899000430,328160.0
7527200030,701269.2
8562720410,1235772.1
1432400335,224538.28
6699940320,366701.94
2525059172,718521.94
7548301044,380713.1
2141300420,827965.56
5100401414,414066.97
7346600092,258697.6
6852700478,520637.53
87000213,238762.38
5416500260,300772.53
322059097,270628.44
7229900005,344430.0
7116000350,142099.16
3739500096,351063.88
6744700900,708599.0
1959700550,1035679.0
5589300435,362353.34
1775920350,330724.03
3750607974,294811.62
5318100935,857681.44
1442700430,495052.0
9346700030,704734.0
1841500050,350496.53
7278100665,374175.66
8635750980,618740.9
6909700340,667476.25
7011201475,785251.8
9348500220,591487.56
3876313170,412910.78
2195700050,893018.75
3760100200,447673.97
3396800120,511947.3
3750603685,250717.72
9828702310,535579.2
8656300380,373168.94
1438000170,552288.44
2423069164,459149.88
2112700845,310372.78
7635801370,525679.6
8572900135,392989.34
7504010590,766086.94
6821100125,421270.03
4310702775,316770.97
2591010180,411826.94
9828700235,615805.75
9376301180,501964.9
1646502355,1112191.1
1498301672,477362.97
7715600070,351390.12
7283900045,474112.7
522069119,476203.97
5200100125,594837.0
826069184,483076.16
3271300155,786692.44
4444800045,592078.44
8682291050,722876.06
2770605420,483101.47
1556200205,524912.6
269000970,1298428.4
9264900880,254514.22
2323059074,229568.64
1224059053,1157822.2
3755500065,443732.44
2571900430,380315.34
3705000070,302153.97
824069173,584652.8
1735800050,147175.16
3025059089,854675.06
6132600655,877119.44
1068000255,1783974.4
3052700921,628667.5
3024089057,307209.72
7390400026,286264.06
1787600224,395373.8
2923049372,312230.97
7015201015,1066231.0
7701990040,876605.2
1925059194,1049938.9
301401370,343479.38
1931300955,438114.66
2395710070,370716.44
2591820070,390575.66
7883604065,273348.66
808300200,491522.78
1421069159,465888.34
8562780540,324499.53
2787720300,379104.06
2349300069,310058.6
739000035,198746.22
2397101460,622546.2
7625702437,383807.03
5101406441,485681.47
3323500010,1167795.0
225039082,802776.44
8078100260,349133.4
4139480200,1311194.1
7436300160,565451.4
822039004,588178.9
8651442910,244608.02
1370803510,715406.8
3342100569,652012.94
1310430400,509734.06
104540820,243392.17
4305500030,615916.75
993000090,710622.44
8044050040,438902.94
5707500050,710432.0
6306800080,381297.72
9206700190,747012.9
8732040090,310802.28
3037200045,444304.5
438000025,633499.1
239000115,308448.88
8929000230,482853.22
7135520610,1127525.0
5561300340,521266.0
9530100085,677281.8
6613000140,1471115.8
8835210130,347121.8
3782400190,329628.22
379000051,272987.3
3869900150,315269.78
4322200050,458506.22
8961980290,706443.9
2558670110,444956.7
1124000010,439181.8
3869900138,465310.22
7853300720,495940.38
251300110,305245.75
3904100041,285872.28
7701990300,827505.4
8682231190,538152.94
7888200240,218350.9
2025700730,295609.78
3066410800,724446.8
7576200040,742642.94
2526069095,1003894.9
2781270530,192325.97
3763300005,481013.88
1523049083,199986.25
923049468,206334.53
3303700221,659828.25
1502400140,213267.77
2880100160,1069928.5
4083304535,815143.94
8820902549,579139.56
4139400060,821621.8
1222069094,326662.16
9367200205,610530.6
2734100736,304411.12
3856904580,641606.3
3812400789,357380.5
3303980090,986172.0
1314300018,294973.03
9522400350,542943.0
7524350080,345597.72
9406520260,320348.2
3278602040,390408.1
7696620100,226752.39
3751600635,242059.3
6365900065,408901.2
8732800100,266250.1
3876540410,237378.33
7349660050,267068.22
1036700220,688060.94
5417600200,340414.0
8732020310,280279.66
6844703240,885902.75
923059206,369480.4
4038700220,557530.7
2597520900,738148.6
7203230040,988787.25
8820903560,314423.94
424069112,727869.25
6056100102,523272.25
1823069155,455136.84
9412400220,2166975.2
6851700381,1042220.4
13001215,267670.47
3630180340,785668.3
6746701090,519661.78
3832050760,289763.06
369000690,490011.03
6071900130,560487.9
7266200085,630079.8
1473120390,443675.72
9523100458,553988.6
4345000510,274609.62
6600220090,441148.88
8079040320,385140.56
1357900060,472326.44
3996900295,318880.25
1442700250,510334.28
5021900175,645058.06
4365700130,316718.4
3876100320,562387.56
2124069103,392427.94
6700400140,276605.34
7852090810,528775.9
1454600038,920009.7
4137000250,296915.94
9826700726,509161.72
6716700325,487635.4
8562750300,576330.7
9315600050,1860088.8
2790410250,715369.94
7732410130,732931.9
1387301730,346179.28
1568100220,344970.1
3975400085,807802.94
339600110,458313.88
7888400500,238159.05
1842390130,683140.2
7595700025,368954.34
2158900140,720712.56
6151800070,347043.7
9294300515,750046.0
1250202660,831139.56
9106000005,1043221.75
5035300085,680679.4
8898700440,276169.66
723049197,195686.39
2019200220,230896.81
2926049408,669847.8
4233600190,924991.75
9268851860,437487.53
5458800620,684425.5
424069096,487225.4
8150100265,222618.23
2742100085,384480.0
8045600130,416541.2
8039900086,297177.4
4131500190,363803.12
1370802650,718199.94
821049149,248774.67
5104520460,365212.72
5466750140,248833.52
1703900155,303209.88
8658303065,322395.53
3298720030,422124.62
1839900080,360914.84
1561600025,720218.56
6064800410,330088.47
621069102,238139.97
7853360620,409021.72
9385200045,594761.56
7214770020,633775.9
5412300100,234386.9
2025701360,267109.22
7334602070,294068.62
8029200190,206646.45
2622049052,574690.2
3126049261,317287.97
4443800705,441616.1
2473420100,297325.4
7922710520,530367.25
3336001911,278157.1
3797000300,440259.12
5406500480,624182.2
6706600090,445741.97
1518000230,338652.2
1250202990,853283.2
6441800060,793965.0
2141500070,449974.62
9407101900,254994.05
5451300117,1619386.9
326069132,414770.47
7153400100,243893.12
3083000910,467179.06
3021059304,315408.12
2597530650,768390.3
3972900215,329571.66
2473420070,303683.9
6115400008,480435.75
8682220230,753958.1
642150080,591760.06
3775300030,332778.94
5418200340,713505.1
2424059119,1004752.1
7899800476,258053.25
8598200070,265994.28
2421059125,505420.1
9528102771,523028.78
7522500020,612013.7
7202340720,601882.06
3286800260,618776.9
1121059105,453722.28
7504030220,693339.1
4045100190,1695989.8
9406530090,364520.28
7138000260,260786.28
2600010390,684853.8
2917200365,446844.75
2191600780,202246.22
7784000180,514145.62
6149700194,328047.34
8082400136,754791.94
7202340930,626005.75
1972200556,567541.06
2767604170,466157.7
3271301175,587712.94
3223059303,523811.97
7598100735,1078062.0
3348401490,324992.28
1545803390,279028.28
2296700050,511376.88
3626500045,690875.9
1596600060,244850.97
3616600250,1298913.9
8078560140,297392.88
1796360350,240059.23
2770601763,537097.75
3223069118,703755.44
2473372040,372276.03
3575302759,416338.66
5706200170,466781.8
1774000030,432327.97
2224700136,337248.28
1250200418,350386.22
5416500840,374846.03
7335400345,144473.38
3776300010,970291.4
8857320130,542385.1
424069206,752759.75
3592500985,1052996.4
9828701295,345454.38
2621750340,306853.38
7334401000,238706.38
3286800110,578194.2
1722069097,476081.34
3574770030,509526.53
1336300610,1171290.5
7230900100,350991.56
6141100320,397853.16
2767602356,741745.44
476000017,483533.38
2558600100,446480.97
3500100015,263348.78
4074300150,425047.7
8907500070,4154822.2
4388000260,202697.67
2475900850,242712.31
7852010900,525846.56
318500300,683873.5
9200000050,159668.1
1026069106,445853.78
205000120,649610.3
2616800600,821377.4
921049141,681294.4
2023069059,726122.06
7229900145,402160.38
4376800010,548794.3
4389201095,2555974.2
826069127,484887.3
2310000250,280149.22
4058801225,369144.4
6600220550,481384.2
3585300194,1386919.4
2594200375,394939.28
1102000514,949496.44
1862400471,447540.78
6928000440,297360.28
9578060470,502002.72
8732020670,257687.56
1823069088,312549.44
8712100350,1186805.1
3420069055,347880.06
4229900140,299238.12
8682280490,439182.62
3830630310,255307.45
5100400251,338767.2
1737100830,601094.44
1630700276,391600.97
6326000205,424538.47
3426049284,2671013.2
3814900260,407962.47
7403200050,1621044.9
1725059252,731461.3
8899200570,326341.44
4137000700,269785.28
1115300270,738352.1
3904920380,600635.44
2695600195,375686.34
9542100135,815882.75
1552510160,411503.06
1823059241,734361.25
2193320450,623204.94
1122069006,553235.2
7853340330,416362.06
1954420380,513854.94
7299600530,277397.6
1760650670,269134.1
6819100080,585325.6
2767704649,475207.25
2424059035,862852.5
1566100400,370623.84
5255690060,466651.4
8860500130,421530.06
7349650120,307828.25
3291800670,448024.2
3764650010,484809.16
5416500950,423712.12
7973202712,186623.56
3291800120,240482.69
9211500620,232439.38
8643200020,394444.3
9197100101,183931.83
3531900060,324917.6
8842400071,394769.84
6844701680,473239.5
6413600285,471586.06
5196410260,950449.5
824069121,670770.25
3876313120,400711.34
269000030,1069357.2
1560930070,730810.06
4435000705,200003.61
9542400025,851342.2
2470200020,1637602.5
7519000580,530778.1
1226059101,503639.34
4449800063,423374.44
2815600305,612474.4
3821200050,257427.92
2644900110,390182.16
8058500005,398602.47
1099760230,226395.64
1954430180,535428.5
7853360480,487948.94
7229100040,332524.5
1432400120,209512.5
1898200080,363058.97
4054520100,855138.1
2568200140,769244.5
587550010,667487.75
4154303215,831624.0
6358900070,949749.06
3277801640,436705.1
6209000165,306700.94
6143000020,285665.44
2591780180,414414.62
5412400170,244537.11
5466350120,260873.84
2877104196,676336.2
3222059007,287991.06
7957600025,256922.44
2698200210,264741.8
3764500230,569478.25
414100630,360907.25
8029740060,326930.8
1426049054,397925.62
546001060,675732.75
3277801417,444195.62
3630120970,755016.56
2326059080,907477.2
3278612370,386993.62
4024700100,308820.94
7697870860,235012.73
8562900240,702947.2
4059400585,219200.7
5703000050,467540.53
7701990560,829781.3
1760650610,321813.4
5408100035,440318.75
1370800560,1298149.8
2880100240,507159.28
3630060150,514173.6
6071700020,521460.9
2473002500,439701.88
2768300650,488862.34
3523089019,833492.25
2787250190,507198.94
9477940440,421038.7
8732030440,300814.12
236500050,306160.03
993000100,710138.7
5466700360,252671.6
7203220300,901476.25
8682292180,428849.84
5209200010,472322.4
7853360990,412844.25
8663310010,448076.75
2313900165,542272.4
6114600030,586128.94
3303990030,835526.44
6679000960,345517.97
8161000230,557931.2
9510860060,690759.25
1223089083,739452.8
2721049059,274185.7
2523039278,250859.31
9826700707,481503.12
2159900120,473668.88
2767600635,613100.8
3812400455,394229.56
7852030960,440831.34
319500080,717212.3
1061500360,303579.38
1787600209,402875.53
7888700030,519345.22
3623500260,897236.7
4219400520,1405867.9
518500460,1998092.0
2500600297,259046.94
7283900010,307903.7
9225900055,310979.28
4036800925,411567.44
7967900150,359724.84
1782000130,427523.9
3163600015,141944.75
254000075,407413.47
1424059022,1037302.06
2768200090,706893.4
4319200505,484028.4
1592000780,672338.06
1687910100,560598.0
5200100115,568473.9
3751600176,210899.14
5608010650,892715.6
2051200506,345657.06
2781280310,296242.22
1023059190,268885.78
2787310130,273593.53
4358700100,460791.8
3121069036,552174.1
1959700225,646337.6
3205500230,385672.06
7974200937,522287.6
6819100111,940928.44
6146600175,152693.48
1525069095,802670.06
1231000510,407905.66
4122700040,974708.8
2426039314,307675.34
2013200390,258502.28
1854900330,687180.94
1923300135,573343.5
582000135,573129.75
587800130,280378.56
7840800135,209136.6
6116500366,352620.47
6392002635,661032.5
5361700020,345700.25
106000395,411126.88
7199330390,372551.62
2484700155,618604.0
4038300070,454112.3
9407101850,317842.2
293610040,643956.0
7202360760,821561.44
5608010750,1143359.1
7236500025,320314.0
9144300120,356149.5
1454100267,378295.44
1377800135,613236.5
7967700570,234663.36
1562100220,613582.8
2923039243,381894.56
868002080,820991.25
7137960460,284728.72
1023089096,283808.34
3262300818,1877796.4
8563050110,590352.56
7137300245,438880.34
4365200630,430278.75
4100500070,1838923.0
3821400200,254159.6
5379803386,256782.58
4237901075,561889.5
8118600155,353410.62
8946780080,876252.44
1428000970,417924.72
7011201004,704156.25
2799800180,351762.66
522059130,254959.77
4315701163,547716.7
3649100387,434879.78
2125410210,452995.06
3224900130,223975.6
6798100661,294941.25
3626039325,886152.9
8730000270,333350.34
6065301040,835372.7
1665400165,218681.22
2203500140,401800.4
4058800875,374071.47
5076700025,418611.6
7853420110,587007.75
7818700480,273870.78
8658303080,361527.34
3187600100,584698.56
4077800518,382261.12
2470100110,3966718.5
3451000206,333123.44
1843200350,184613.33
7904700126,405139.12
9430000070,276974.38
6003500749,683303.75
7701990700,795188.8
1310820150,338541.1
3975400190,603493.1
4100000050,628074.25
7202270700,584311.7
7370600020,616784.94
126059225,472403.5
106000015,402726.1
4458800060,908530.2
8944290090,263474.38
8682250330,614401.44
9834200390,491147.0
3275880100,723221.56
7227501190,225473.0
1796100010,600024.56
3831200210,314000.22
2521039066,274778.06
7701800050,425364.0
3904960910,641860.3
5647900670,260768.88
7234600796,515521.88
3021059244,221678.86
7787400030,1678561.6
2051200436,594640.75
8820901415,350343.47
3523069047,832446.06
9194101388,468938.25
7277100610,376629.8
9471200370,1947540.9
2767800140,700351.56
3629870110,515322.78
9136102057,604752.0
8648900060,518917.94
3678900110,415091.0
2767600150,485500.88
1972201511,602045.6
6055000430,560274.06
6624030050,375817.88
2215450150,334623.78
2767603824,466182.12
3585900460,665493.8
2922069134,420929.88
9267200062,361845.03
7228500425,528570.2
1089000190,831354.4
3359500960,484111.97
5152100160,418859.2
7230300060,357132.47
2423059067,470651.06
8016250060,257453.22
2524059267,1029213.0
1438000440,499601.34
3326069026,616352.2
9353300600,300779.4
8691410060,702919.7
6332940070,507889.66
1310980110,289366.78
7428000120,236378.92
3626079040,655046.94
2722049077,308581.88
984220290,293113.0
5347200160,278114.4
4154303655,512712.94
2953000250,268421.78
9523102447,713037.1
5104511840,410086.8
3448740250,424006.8
4219400290,1078484.6
5152100060,588477.4
3279000460,226366.06
1102001274,989041.9
1251200155,1203069.0
2025700740,267603.6
3820350050,348090.12
1245000438,724453.75
7853230200,466579.3
3832200070,254102.16
2926049400,429009.78
1246700251,891413.1
6372000155,570938.4
7950300670,371348.06
7518504130,577888.25
9286100200,422086.38
3992700585,481465.0
7234600786,712716.25
5476800069,362267.3
1126059201,1357592.8
9527000090,484472.7
402000115,296143.06
8818400450,1062563.5
2475900840,243234.16
1437500015,189711.48
2848700095,431418.56
1529300135,318502.16
2597520090,749562.6
7812801125,211246.97
3343903647,428213.53
1951600250,174007.8
9542840590,257480.47
8081010040,1152535.4
3262301355,1368078.8
1861400068,467841.16
3295900490,440814.1
4345000440,241212.88
4219400465,1120740.0
3797700030,276610.1
3204300860,730895.75
1930301555,524383.25
8807300130,336703.56
4391600035,305914.84
5021900140,1626667.9
2946000590,251318.83
686400210,540135.06
3365900462,257485.62
8682262170,407830.22
7312400325,328577.44
3760100100,410461.66
3579000410,466231.5
1773100755,548394.6
7129300175,349176.34
6303400965,231739.73
1328320440,335986.0
3686900025,236619.58
1221039066,408449.1
7950304095,318118.75
3585900785,953162.6
9455200329,514954.8
629410130,775279.25
1994200375,580037.2
6669200370,906021.8
7262200150,271363.2
7504010750,607875.56
5253300173,307007.34
3395040200,321728.4
322069109,385235.34
4054510270,1054896.0
1710400005,577121.06
8644300170,699437.8
2450000290,1013811.4
6102400166,732034.25
1934800087,445348.1
3333000775,288809.6
5393600509,303123.12
621069039,338933.94
3343903611,624457.25
2954400020,1108359.2
7972000010,198224.53
7214810510,436792.56
5561300540,482150.56
2634500070,402379.44
6822100310,728536.6
9201000100,706703.94
1072100085,339733.6
6190701146,400950.62
3277800845,278365.7
112900020,349666.88
1324059048,623710.94
7979900126,380490.6
7199330370,400315.62
6381500720,468267.0
8078550190,287675.4
7853440140,766070.9
6300000396,364750.5
3374500250,381943.72
3343901188,270384.16
6979900010,793497.25
7199340320,555494.25
1112000125,382233.4
9269200150,331062.94
5104510210,288916.75
925059219,593513.9
100600320,204094.08
1789900080,264745.84
2123049142,316000.66
2459900040,593467.44
3902300450,603924.3
7250000065,319640.8
7823700005,338819.53
3750605247,218340.08
2771601730,507469.4
3298600440,407194.0
9141100005,616213.44
8682262190,406234.4
9407111250,227499.45
1336800010,1531699.4
2255500060,597558.75
7950302345,314625.5
8658303585,264762.5
9184700600,1076063.1
8068000440,279953.72
1310000130,302727.06
7853221330,687325.1
1222029077,310863.62
8562891100,344880.97
2517000260,365574.1
2225300149,362953.4
8651410330,181496.02
2413910050,605648.3
9407100720,276232.88
2112700920,344898.72
3761700251,841582.6
1036400100,641995.0
3585300365,652184.56
8562750060,837128.0
2719100042,539837.44
952007055,404464.3
925049318,596572.0
7203220260,988925.9
9320990140,285624.84
8567450140,510580.12
5379800810,202268.78
7784000100,550673.8
3992700475,421754.03
7905380280,421971.28
943100683,397346.2
8029770470,534775.8
2818600060,1060045.4
1226039124,427685.8
726049184,304451.78
795001930,243706.42
339350150,722855.4
1332700270,326765.28
7548300170,620612.5
6141100330,463809.66
647100096,712710.1
6744700423,484034.4
2895800750,297950.16
4046600220,371271.56
8809200070,345593.12
293700110,860598.3
4178500440,255438.25
4358700164,261449.42
9197100263,247772.89
2426039313,307675.34
9468200163,618016.1
475000190,499736.66
7504180170,446131.12
4036800170,513812.3
2561330040,468925.28
4123400340,515660.03
524069115,806285.1
4047200850,334708.7
8651440230,243059.55
3905030140,550311.06
510000641,662968.8
8663370020,426508.28
2883200760,633676.2
1980200384,768617.5
9468200140,493998.88
1796370150,262954.5
9238900085,522674.25
9191201325,586504.7
2538400060,940462.8
3758900037,1013785.25
2472920800,402539.5
321030150,342509.84
2571910100,319835.97
1423910670,290140.5
1118500030,823013.8
1939000010,659986.9
1776460190,470915.97
7504400290,639949.06
3448700070,422355.75
7518501025,569336.0
923059252,502469.22
1431700210,257229.89
8635760480,551549.44
9175600025,1148724.4
7922720250,503482.78
8944360390,482943.94
8948500065,204615.61
8669160310,279342.47
6117502745,510399.03
1789800020,367058.47
226039186,315044.38
6457000080,267563.53
9557300080,558589.75
8562790480,659596.1
6430500008,491014.94
1604590230,735702.94
9542850290,745251.0
7831800395,302171.53
3317500030,1148644.5
624101110,755516.44
3654200039,353710.03
7856000150,826744.94
4338800685,276932.9
3211230300,405771.34
3904910650,570163.5
3598600088,279479.44
3796000400,354754.6
7972601280,398338.38
1450300050,266434.25
7504050090,798334.6
9202650130,552885.5
2419600075,365076.56
1224049005,883965.94
7129303240,351483.97
1922059135,204860.06
7852020250,644528.56
4139910180,1564700.4
4222300040,278755.66
1024069027,1000947.6
8944600620,517297.28
5040800060,786264.2
1036400200,627652.7
7899800915,216321.77
3325069025,493553.4
9408300310,595207.56
1773100604,361741.16
5451100490,935976.5
9536602080,193015.92
9828702055,420107.75
3362401758,491055.66
476000333,444064.3
4364700730,340147.9
5559200020,276550.75
7522600110,239526.86
104510440,235409.55
8820901275,591764.06
3298700125,263067.38
323089172,423169.78
5364200477,607988.0
2222900082,381697.2
6641800020,631379.7
9358001422,324469.84
3438501150,292488.62
2206500430,479911.4
9272201318,545478.9
585000095,607959.0
7708210050,530379.4
9407000840,290249.0
4027701265,461909.78
8644210050,766352.94
8656800020,379088.53
3329520170,223305.67
5104520720,314991.5
3806000005,148006.73
2330000015,697961.9
1447600410,270094.72
8641500252,374598.03
6084600420,273002.7
441000115,457311.84
2597490030,693103.75
650000030,694083.4
3585210200,388719.9
5416501030,405400.78
5406500170,627260.75
2916200065,433398.78
3330501975,481901.88
1774220070,577813.3
8731730710,220561.84
7861500150,416351.75
1402630190,383923.8
9117000230,282920.88
7133300380,630005.3
4232400470,694224.44
1773100972,333161.25
9413400165,254948.83
7658600025,432483.0
6909700040,875701.94
1402900380,289862.0
6625910100,449125.3
3204900010,581882.2
5162100820,320280.7
5560000480,166900.31
1704900303,518245.84
8084900170,1815676.4
2887700091,764696.44
4331400190,308958.2
3762900130,385336.75
52000067,536094.75
5430300120,814374.7
8956000460,619098.0
8856950310,254712.11
3364900156,289886.34
9310300211,324978.66
6448000020,1415165.6
123039570,413419.88
7600065,576292.75
3123039171,457942.06
8964800445,1522657.9
7857000732,390237.22
7525410090,579938.2
9541600350,775056.0
3186600515,805468.2
4123820450,336224.16
2505500030,1091678.4
1541700240,319380.9
6629300120,381329.34
7399800150,445166.34
9517200180,371615.2
1313300340,493302.1
7967650010,367852.9
8807810090,394776.25
8815400670,790779.1
2310030500,288208.7
2241700075,313541.5
2287400030,311059.06
2827100075,283380.47
1310700390,314612.62
5498100010,446870.75
723000114,1460760.6
6431000987,489103.9
3356407665,215966.39
7852110050,551806.2
8677900123,461485.78
1917300260,238222.2
3396800280,577980.9
8691420050,840940.8
9368700006,283673.84
339600290,402640.47
1592000250,608363.3
1471701780,355642.1
8928100205,627648.5
5029450100,208532.94
5493110080,2378223.5
7883603750,313229.47
1732800175,844189.5
1518000290,332551.78
8604900017,565510.2
5379805160,303953.34
1254200835,608687.7
3179100482,437804.3
3313600266,202037.81
976000879,654136.75
8819900220,638781.4
2130701535,299958.44
1176001124,527651.5
7893805650,320940.8
3885806840,857387.9
3625600190,1132548.1
8562790150,801114.56
7348200115,210470.16
955000453,488570.1
6817810310,416300.12
4040400340,492122.7
1644500050,714131.4
8029500100,333508.72
5244801230,723454.0
1115100119,382494.88
9542400010,835748.8
423059387,579208.06
4023500990,313024.3
7899800857,261745.81
2976800796,229578.06
1074100020,311811.7
446000010,565278.8
7942601200,442132.75
3575305495,787738.25
8691310040,769065.5
6117500430,804720.4
3924500130,527175.2
2028701075,489275.12
4330600360,247733.9
1324079082,450155.75
9268200484,737018.25
9828701605,595058.8
7518506715,1051896.2
5315100277,1302953.4
3942900115,392568.3
1561930020,485543.0
9510970090,632319.1
6163900821,362794.56
9510300220,534485.7
3869900146,313063.75
9262800208,797968.5
2522029039,556449.7
6865200095,687733.6
3782760040,504614.84
4237901250,615124.9
2891000610,232446.47
2749600095,495360.84
5422810010,374059.34
3629980350,762854.3
2459500070,291425.84
5113400364,632390.25
7533800885,743156.6
629410190,734216.3
8651431100,188357.61
7960100050,551395.3
1842200040,434185.66
425200205,246121.75
9477201470,370918.03
7905200365,516607.06
6381500635,335641.4
6052400175,378479.12
1236300268,462391.1
6072800265,1852004.9
3423049311,225535.38
3755100540,365523.9
7852150120,374478.03
4180300050,395385.5
7625701935,336372.97
7132300550,392315.3
3025059093,3296274.2
8161000220,478468.25
7852011020,569858.0
2599200160,361074.6
5536500020,545141.4
2095600150,267183.88
8910500226,369505.06
1681400010,798656.75
1424069110,721059.06
5127001620,311673.16
7940710070,405179.3
2413300980,299359.16
7853400250,616661.44
9542801310,284580.22
1890000169,498912.84
2720000120,300047.97
9424400105,471587.4
7888780090,279856.3
3501100280,346441.84
3905100220,493834.47
723000150,932008.3
8691310980,729983.25
2297400250,459720.8
2892600056,248632.61
5273200080,553377.7
5145100460,440468.7
5561401260,580888.06
7732650040,913282.9
7504101280,931090.6
8581400345,273360.38
7129302800,400532.9
9551201560,593930.0
1546600020,622410.8
2648000071,265098.8
3339900640,237346.42
7853301240,460039.66
943100262,307304.1
7202430150,825083.0
3558000120,321460.03
3890600150,492911.3
7452500315,276829.7
7173700591,658397.0
438000015,687789.4
928000020,388256.44
3830700010,402292.34
3845100640,398823.0
6675500112,361621.47
1773100920,383752.84
9485940330,398087.72
5561000600,469912.4
1786830090,613785.3
2011000020,246787.61
8024200681,370507.9
5452301810,2079276.8
5515600075,270945.3
357000135,1172326.5
2541100010,579063.3
1090000036,635139.1
3459100300,411437.53
2450000295,1020931.94
162500015,395183.06
2592210290,788093.7
5101405265,487184.5
1122069019,717655.6
7501000220,876228.2
1310900140,320102.66
3298700941,241346.34
1972200382,404482.06
5100402764,417260.44
2623069069,605513.75
6372000280,512206.62
4305600240,488791.94
2767602094,538163.75
2500600289,189238.06
7203160090,873281.7
3521069146,517734.56
824059321,1575545.9
9348700610,826156.2
7228501745,551532.06
6021503656,444285.03
5437400630,553322.25
2207100740,437818.1
7202000220,401928.78
629811340,718319.1
1324079029,246965.61
418000010,177463.0
6303400290,194536.45
4139910030,1161695.6
3023039066,349464.5
8698600395,208707.42
2799800710,339277.7
7351200050,817380.4
8564860270,506761.88
2591830020,420072.5
4139420430,1359341.8
9828201725,508648.75
2420069604,274888.16
7224000315,187817.52
3861470120,1882510.4
3222069151,304297.06
3869900155,343951.4
123039346,283272.94
305010050,658099.44
2141340040,695623.44
7504021310,705934.0
2436700315,575703.9
8732750100,353768.4
3298201290,378314.2
9241900150,1011323.8
1180005220,235299.78
5540000050,300452.6
9211520400,246756.55
2623029078,449937.72
7132300695,392446.66
6430500219,442346.56
6084200100,379955.72
7140200280,274393.66
3904910610,603622.6
7625701900,455374.34
9432900560,340690.72
1388600110,243518.7
9126101201,356362.2
4224100030,375237.34
1109000390,579181.5
3336000296,270289.0
7504100590,749191.0
2025701060,263562.84
7527410080,604004.4
7304301045,256370.52
2591840050,470185.84
2767602490,474252.88
5494000040,1004873.8
2473251090,279987.38
3825500080,476775.62
2309710150,353003.38
8901001335,697204.1
1781500435,401590.1
8835220200,333644.88
4037500335,523241.3
1338300180,1652657.8
7968000120,269759.03
686050100,935592.75
1180008315,236693.83
1657300280,420782.6
7856600170,706156.25
4154303125,594915.8
3295730050,580385.8
1777500090,654254.06
203600470,647079.0
6673050020,388615.75
8731980680,276360.94
2273600260,515124.78
1000102,291248.6
4197400005,502650.88
3378100100,262962.03
7856620210,773373.3
9275700765,914193.5
1246700136,411756.66
4239400740,171907.73
3306300630,197342.16
2524049056,1147207.0
2023049245,244868.02
3210400340,274786.72
2621760350,313467.66
526059183,408011.1
8078460050,667105.25
7504110050,664364.44
3876312840,410244.06
9268850350,323019.97
8085400490,1001270.3
2722059185,468665.53
3644100101,333248.97
1321700030,773014.94
5608000630,1458221.8
825059349,1366111.4
6083000071,223708.55
9164100105,532950.06
1425059145,445228.75
5210200184,579292.56
9477201370,442426.75
2927600630,767794.8
2619920170,823984.5
1560930450,565103.1
2896000510,531828.0
3034200067,592652.44
4025300360,368938.16
3362401295,531495.9
2391600555,426189.1
7550801170,539706.7
5347200175,289329.25
8910500471,406209.22
7199340560,461521.88
9266700175,403223.78
808300270,449802.16
2487200875,439664.16
8728100781,320566.72
5379804888,251375.64
6619510060,424949.22
5416500680,421770.12
1862400087,438839.3
2126049277,414784.3
4137000070,308563.9
8081500060,2394433.8
686800065,926791.3
5561100180,578214.06
798000342,288854.5
5603700095,548526.4
7151700585,1318803.9
8129700565,613165.1
2782100260,647844.6
7011201106,416281.88
2423069084,535783.5
8141300300,327416.94
6601200040,296951.34
290200230,633719.7
1423900220,249853.42
7303200450,218948.53
3755100220,372448.25
796000235,213011.05
7237501040,1107270.0
7203220400,911289.6
9285800275,859305.0
2061100435,517970.12
6414100025,551171.9
5317100750,2545395.2
6145601000,478985.06
5634500775,507452.0
7375300160,596411.0
9558050360,516889.94
4151800420,485180.56
3751600146,205193.64
5302400080,565535.5
357000005,636995.3
7283900306,449162.6
3738900105,319662.16
6822100305,623572.3
7436000205,522495.84
3295730040,554094.25
1526300015,396842.16
3294700101,256176.7
8864000970,235374.08
5469502700,399458.7
8078520310,252114.38
6154900130,294158.38
8945200830,191834.84
1085623630,421130.25
4013800131,218468.17
2287000010,711459.9
546000930,656664.4
4051100390,224053.14
7203100120,653045.3
7523850150,302661.8
3826000665,265097.78
1311800560,217451.11
2877102180,525455.56
3221059044,828850.4
9169600110,516563.22
9510920040,753634.6
8813400155,791962.5
3896100130,1127824.0
2568200740,724629.25
1217000340,312473.12
6430500086,445963.5
5634500234,539380.44
825049073,483662.97
2391601445,1124220.1
7881500330,435335.8
1721801591,150012.83
2473390710,298167.3
5634500891,329832.0
5515600163,460302.53
2560805630,245219.97
8078350280,597498.4
9477201060,390066.8
8827901350,733928.56
3560800040,428141.25
3034200370,499304.12
1328300040,349189.34
2483200010,614276.6
6071800480,414326.1
6200017,219871.52
8149600065,760805.44
3362400615,461758.72
7518502945,532412.06
8001210120,269172.62
8682280340,472394.47
3623500408,2309269.0
3764650070,471552.3
7937600380,384646.5
923000580,675712.75
217500005,433339.7
5419800510,254036.73
8562901250,579983.0
2212200100,294981.75
2310100240,351759.28
8582010240,627891.56
8651410670,188035.08
3330501645,268796.28
8113101232,382770.0
7849202190,312109.5
1864700300,301418.03
5231000060,293511.62
1565900070,245933.58
7555220140,731608.5
7518505160,481795.25
3322049005,632679.8
808300550,443088.4
66000265,400702.53
2880100675,388246.44
1524079156,397818.25
3625700010,1581232.8
3259400024,321962.9
3205000310,363723.0
807800190,301444.47
2783600210,471032.28
9290870040,811456.6
2561360120,400448.88
8857100180,423267.88
4388000070,225929.77
3860900003,893021.3
1176001119,530851.5
6084600330,241800.89
7985000100,221465.86
8026200080,368662.4
3210600010,689482.44
7558300170,508321.9
7852180340,455093.88
524069011,641079.1
3361401011,143359.73
6117502455,272822.56
5602000025,212624.0
4142450490,298545.2
5306100255,363579.4
1795900120,571959.06
1193000280,903308.44
9238480120,547157.0
3630200780,919629.8
1250201130,498189.7
7796000095,1188146.0
8635760040,496840.78
9476700135,315035.66
5249804510,549804.3
40000553,232073.25
3204300625,786258.94
2596400050,396870.53
2724069103,359019.53
3744000040,462060.03
7525100590,453609.8
3705900292,426468.0
6169900790,1607140.2
8127700735,1057923.5
3761700067,971507.1
6065300570,927214.8
4022902050,466131.47
3886902590,544825.4
4107100190,2158560.0
2909300150,642917.1
384000135,455946.62
1005000036,380980.4
8856970530,313220.22
3448900320,556763.44
6713700100,390657.62
2260300060,2145820.2
7273100026,638395.25
1277000020,891617.2
2620069113,347391.03
4166800080,341276.06
8731902680,265622.66
2599200830,232407.9
7569500010,675820.4
1825069031,686884.1
4443801495,597536.0
7805450110,723944.75
3345700207,554846.2
1560920450,853713.0
3629950010,439503.16
3782100035,297249.97
5561400340,766535.6
1898310110,260933.31
2122039094,634123.5
631000040,535029.3
293000145,384580.84
8121100015,377484.94
3205200430,375099.6
2475900565,322413.03
1651500040,1928230.1
3955900500,416463.34
7907600100,282908.72
3123039136,354735.62
3972900735,290301.3
1424059130,388443.1
6792200282,257170.53
910000104,286043.0
3751600784,328139.66
946000295,447322.72
7749500070,328272.38
255550070,352613.4
5151600340,299087.22
5415300060,528932.75
287000110,613604.44
7585000110,197926.45
8121200460,507834.94
6891100090,918028.0
7575600100,291087.53
4240400140,605224.5
4046500510,345471.53
2944010240,1065558.1
3449820380,531166.0
7203102140,346826.3
8665900291,545757.75
1775930010,408275.0
1118001631,1354015.0
8911000445,335499.3
117000100,642145.0
9284800085,432857.7
2795000080,491708.44
123039207,340365.0
1312200080,231348.88
1236300290,1429373.6
7549800168,477796.12
6891100260,869105.94
6072000910,583751.94
3226049184,364630.84
1442880320,515998.97
23500190,581289.25
6021502070,542577.56
4168000110,201181.25
792000006,176796.6
9558200210,223985.64
3840700757,649448.06
3876311650,546692.3
1328320800,344958.25
5006000170,240356.81
7575600430,264496.0
7686202580,190642.62
2524069097,1933004.2
4292300024,359909.12
2726049071,375544.16
3526039019,757825.6
3300701365,464020.25
1274500170,204989.64
7282300095,275043.9
8562740440,713029.6
3761100045,2874946.0
2877104265,891950.56
7940710100,497563.88
6071000030,852088.6
6448000100,1522630.2
2923500230,2539411.2
6751300375,445633.6
7214810350,463301.7
1088800470,591658.5
7129300420,263757.72
6149700405,297562.53
9521100855,463720.3
1861400116,665178.44
2787460720,224973.19
6073240060,686112.25
291310100,408304.22
1247100035,1100006.6
2626069030,2135580.0
1326059085,542744.75
6447300265,3480188.5
8651401270,180421.39
3524039209,883351.56
3226069049,1053959.9
7548300425,417373.84
1438000360,495328.72
1777600900,704081.06
5244800695,535853.5
3387900390,263053.1
1954700615,1121299.1
1026049036,317522.25
1683500180,235780.5
1939130420,655706.3
2021200530,1010966.06
993002325,438143.47
2780900220,276595.34
2540800390,465099.5
2919700540,630199.4
2787250090,520894.28
8651442520,264450.1
100600860,200261.08
1437580480,973989.56
3886902505,628929.56
173000140,399715.16
5151800045,546715.75
3010300240,500232.56
2085200261,289143.62
1839500065,281056.94
1049010300,384990.0
1328340540,307048.62
8887001625,405178.53
5332200320,706513.94
7137960030,282374.47
5468780250,337615.12
2436200715,592139.44
5137800030,313849.62
1068000520,1324744.9
5379805121,384542.34
7445000105,428125.72
7942601895,742827.8
1727850350,1043591.94
9407150310,308422.12
5569620550,756302.94
3179100480,478377.9
3624039111,245697.03
7844200050,301479.28
3304040020,400886.0
7739100155,660045.4
6099400053,192204.03
7468900270,198125.5
396100025,351462.2
1160000255,369648.16
6300000320,421204.94
6392000570,341557.38
7387500235,336634.22
1121000058,518075.84
9828702120,571475.44
7715800310,457245.12
8562740370,706891.3
5637500070,416257.66
5561400470,636035.56
1189000205,427493.75
2412100025,385952.78
1073100065,324803.9
5160300020,533181.4
2770601677,491691.1
5104450070,421633.78
820079043,392252.06
751000190,350436.7
1823049179,392041.53
7430200060,1365822.1
3331000035,550450.1
1775910370,520369.97
3626039299,518791.78
1546600125,687042.0
3260810150,313888.25
6817800330,321591.28
414100045,384743.0
1326039061,380246.1
4055700030,1151479.6
1225069038,2507154.0
2296700260,437777.2
2822049160,226260.53
3395300260,523977.38
5144000036,331856.38
809002290,819530.0
7334501410,335048.47
421049114,195500.23
2623069010,799628.44
1133000144,553688.06
705710290,331458.78
7313200120,567292.7
1269200150,284079.94
9264930970,304756.78
6819100020,2007045.1
5112800421,280202.12
7846700850,264530.8
7227501450,242120.25
5451210150,605458.9
4140900140,422497.16
3537900180,726690.8
7738500475,445123.06
3541600450,390470.28
5379800040,311311.03
6664900330,280345.7
6056100312,359145.53
7766200013,561474.94
8651720470,468074.56
5690500095,815887.44
5423010180,741002.4
3204300610,561568.6
3425059066,575307.6
7856660130,1077259.4
2954400520,1163793.6
2327000110,903475.56
9526600340,684640.94
7695500200,422423.84
7237501180,1100571.1
2008000550,272649.84
1123059126,557152.25
1775500371,735118.75
3459900230,1770756.6
2619950310,497710.53
1771100330,319042.7
1321059097,377857.34
2420069278,311875.62
3832050570,312029.75
7132300525,450637.25
8691410700,725178.8
7967000150,329921.97
1328300810,357310.97
711000110,1192554.0
9485951460,442627.62
1771000970,347647.22
2817100900,246471.5
6817800630,397925.62
3558900450,495439.75
7215400770,390883.47
4222000320,193155.14
2791500270,274137.84
424069018,835398.2
9547205180,670784.3
5631500947,595044.6
1425059193,1207579.6
567000775,445332.38
3904900610,519466.56
3649100346,407082.2
1624049228,478537.6
1559900080,349997.16
2919702040,582856.9
4013800206,199917.03
1025039292,1314923.4
2771604640,742687.56
7203600550,266798.62
1545802830,266461.44
3303910010,609978.3
8617000060,856194.06
7889600190,245933.81
3325069064,504338.2
6300000337,537807.1
1172000150,301591.4
3348401319,354059.0
4188000490,884628.75
7779200355,689437.06
8029900110,430457.28
4060000290,222597.22
9475710040,399165.47
798000535,241125.72
6415100410,404603.2
4299700095,318613.66
6117500955,421793.44
2421039075,221045.95
3362401935,528469.4
1545800205,278098.47
7645900235,750396.56
4141000060,1162299.6
9485800050,649456.1
2436700280,798523.44
7335400400,217413.36
9294300495,756317.4
6649300190,437747.53
7950303270,365157.34
2391601010,439148.72
8129700728,578152.9
7871500685,657326.7
1498304065,558518.4
3862710010,441791.34
9209900335,538832.4
952006857,344957.94
2322069168,557903.5
1775801090,480409.2
5700002165,569900.4
4029400080,392769.03
7796100080,929784.5
9279700150,1897296.8
3876200060,440410.28
2934800025,308992.38
9359100101,914108.94
3330500335,308746.72
4027700466,369249.7
3204800430,437830.62
5415350770,747336.4
1443550020,483963.8
2810600022,313819.12
1238500281,523795.0
2591020140,483234.66
7137900960,235122.36
1328340630,286371.38
3529200190,327271.47
1624049291,778784.3
4083301120,591481.94
1873100060,667561.56
1773101159,277299.47
7214700350,510508.56
3856902250,612389.06
7169500130,493114.9
4038300010,411378.28
9578500810,423706.88
3345100184,356810.4
452001860,448501.7
7905200037,531418.8
9376301110,498542.8
873900240,299646.5
8682262400,413528.3
7227500910,173297.34
2392100090,458417.9
3221079050,421376.5
4307320280,354689.28
3211270170,495616.03
726059483,722941.56
424049043,773482.44
6865200140,634693.44
1155640050,421084.88
4139430250,1373145.1
818500100,204095.25
7999600180,171442.75
4099501215,857303.6
4046700140,406636.75
8857600490,205128.67
8677900120,492051.8
5379805253,188908.81
9211510410,229697.4
2337000150,264785.5
1423049029,268440.47
4036800580,459322.44
3942900010,359254.47
3438502715,402959.3
7625702441,383807.03
3905100610,469756.03
2218000335,504375.25
3034200516,407781.97
8024200625,383463.1
8564500020,306377.03
9550202700,481197.84
7518508625,597730.9
1822350070,382005.66
8921000040,847719.9
6648150090,1670065.4
2402100675,647456.75
42000127,275536.44
5100401160,488980.78
7347600507,240282.8
1839910300,313345.72
1250201550,823994.7
9460000010,292102.56
3356402232,208056.0
6819100150,608616.9
8645501330,272702.9
1556200005,872786.3
40000228,187614.5
7300410010,377272.94
4299000030,357665.2
2629600016,463402.0
662310900,376134.12
1909600046,506736.75
7893207490,201228.45
2524049318,1827156.5
924069210,719241.1
1591600527,333787.12
98000060,1274271.6
6392002020,591190.4
2719100400,497173.97
8018600655,446628.34
2141500020,433926.1
3277801580,508136.25
7237500110,941882.75
626100023,569454.94
4319200820,365015.66
1422029138,556797.44
9517200610,349473.2
7334600280,280387.9
8820902400,527641.94
8944600060,509626.66
100100050,310717.22
8074200100,260864.39
1836980240,772994.25
6648500440,310325.72
9530100225,629730.8
2883200875,628446.9
4218400175,1043545.1
1022069183,631094.3
6398000171,512629.34
5021900160,656282.5
8078410250,537322.7
7972602490,320746.84
1962200435,770687.4
7221400285,237828.12
273900030,248144.62
2708450020,488095.1
4083306616,431065.7
3034200435,605317.44
7855000550,1260589.1
871000155,624100.06
8024201714,507895.47
2625069038,1353973.8
2324800350,811959.0
5450900010,1365285.6
1822039225,553954.25
2460700700,285162.7
6679001060,307761.03
2422059111,346498.03
1250200345,291812.72
5589300370,322546.5
2021201000,1440525.4
4302200336,274271.47
1328330290,347025.8
3438500781,408500.9
5453700020,718896.2
123039147,409084.9
8691310070,847070.1
6450303785,322957.44
114100234,458342.72
9212900820,499824.38
4270600025,297552.3
7201600190,467199.12
521049227,807208.4
6300500479,449654.62
1432600100,214450.7
1024000109,360795.06
1430800100,304587.97
9164100125,567123.94
1925069183,485186.6
7852160080,969446.9
5317100780,1388805.4
4083304835,554740.4
9478400080,769998.25
4463400195,234971.27
4232901525,499668.53
3845101070,383162.25
1843130980,299213.03
3810000480,314563.4
7137960440,295308.0
1231001115,388016.94
5101405340,494528.7
3723800409,585109.1
8651430370,190084.73
6135300010,256539.77
23520380,492443.34
2935400100,539132.56
6137500320,982584.0
7841300230,312761.44
3521069051,458123.78
2621400080,305868.47
5104530240,354797.22
2022069200,449690.22
5469501850,417026.12
9206950110,306332.9
3298300210,357225.12
2810600015,382648.47
7298050090,543152.25
7202290620,454644.47
3211290370,427540.62
1591600506,379763.0
2827100070,370319.62
2482410130,392277.88
4364200125,429598.12
6388910730,611531.2
7436500120,534398.56
1822059156,748070.8
9432750190,485602.28
2205700405,428316.44
6056111370,349389.88
3205500160,418578.88
6139100076,372789.75
723069135,444561.38
4123830070,338078.78
2472920740,448122.47
6134500220,630330.44
2734100395,221902.22
3574800090,437021.75
3126049107,534169.75
669000210,1099176.0
1139000620,288389.03
3825311190,726711.6
7300400320,386940.12
9407150250,288740.47
3679400503,301614.16
641900050,404597.4
9169100130,579001.5
8091800140,331559.94
9547201155,521625.56
4154302045,266181.8
6638900265,740325.7
1423069063,435920.75
3335000025,474218.97
9269200650,250362.9
1781500180,366740.06
9211500520,229302.8
1853080150,818555.94
2767704756,470313.66
2206700295,428141.66
2557000380,299559.62
11520200,772673.7
3832710680,246957.36
2569500210,321866.5
5230300210,253221.12
6447300225,1579487.5
5035300325,1170633.9
7853301660,765960.56
5411800250,345186.97
7203210170,710953.9
4302200415,311879.78
7942100290,227919.23
3629860160,808136.56
1423069076,612380.9
525049085,573979.75
3306200230,221418.77
2193310300,493987.1
7978800621,237718.83
4027700632,477676.75
1761100190,237007.58
2749600245,557760.94
322069141,478306.75
1900000035,182077.14
3361400190,187036.22
1604602050,524973.7
9421500160,458410.03
7788400180,277512.72
1566100625,477762.88
3861500340,239506.77
2524069072,355096.47
3013300980,442934.62
4191500130,606120.4
9407150130,298153.66
3904902500,709243.3
9510900140,240136.64
3368900084,338253.88
3432501415,337084.28
4254000540,491766.12
2767603250,528362.0
2923501130,638245.5
9183703045,281271.72
5279100675,303583.4
3905080310,517281.5
2461900375,639428.7
3346300356,543180.25
1865000110,381550.9
9264930400,289218.34
3447000100,600354.25
2313900510,495944.16
7518507330,586575.1
9368700270,210868.36
1137400420,389696.12
2023069054,284384.34
2141320230,593244.5
9536601295,336369.44
2424400130,402534.88
5210200081,443369.9
4443800785,535970.06
7292700005,505697.8
9834201205,299884.62
3275800050,280918.4
6926700654,651847.56
7511000140,1338761.1
6821101895,610726.9
8964800695,1096861.9
6821100195,621235.44
1226059105,639670.8
2806300070,1267762.5
1720069029,375542.34
6384300020,462666.34
8928100125,608940.8
8562770720,550940.6
8650300130,829482.25
2126059172,433114.94
8812401450,693009.25
6646200280,658340.5
4021100045,527120.9
1155620190,425521.84
6061000010,374596.6
3362400472,371507.1
9558020240,495584.34
7309100270,540420.5
7137950210,326946.1
7849200635,227895.75
1311200460,258887.39
284000095,1039406.4
1509700050,318858.66
3438503014,292274.75
9406450090,346094.12
5096300140,390678.88
8923600020,1239916.9
809001070,667480.06
2291400342,309433.25
644210020,780644.8
6700390090,265087.94
5631500285,693298.8
104560120,301757.72
6413100311,382957.3
2558700090,432366.72
1471590060,727210.1
8914100170,611570.8
5652601035,341001.16
7852120140,766010.94
6163900952,361868.5
5215200050,736855.94
6352600490,785400.8
3912000020,504525.8
8830400135,229766.2
5467500040,407057.72
9406570300,421513.97
109200390,220291.92
2025770310,678987.2
1939120450,687458.2
7524900003,2702019.0
3755000120,360722.47
2473002850,517430.0
7625703945,374280.56
9477000190,409987.12
1727500230,422312.66
7011201087,434224.16
5561300750,477331.12
3969300030,187834.53
8097000330,328955.56
2025049064,685649.1
985001321,229817.05
1775500050,381237.72
8849300160,371087.5
2316400285,490798.62
2423020180,577417.25
7128300500,515764.3
9512501400,427227.62
7200179,165653.75
5490210670,497141.25
9527000330,613510.8
1972200326,489258.3
4151800195,544066.75
4046500320,379586.3
9834200885,429198.03
8161020050,561818.8
2891000750,214849.27
3426049031,1190699.4
7387500195,299903.5
6303400395,132216.67
638100015,354483.34
4107100204,2300485.2
537000255,211089.48
985001266,279772.5
1137410040,470931.22
7229900250,249711.2
3905100840,518836.78
8100400160,620618.44
1346300150,2968674.5
1443501020,216868.73
5490700035,363948.88
1954600050,454357.5
8122100690,474199.5
3663000070,466185.25
5101406375,464378.84
426059055,581755.7
9268850160,373475.8
8731800840,251513.77
3331001910,330589.7
7603100020,977019.6
809002705,699177.0
4364200075,274082.7
1113000430,180056.11
1176001117,558102.0
3320000212,409295.25
9286000150,1406757.0
301400830,251628.44
425059024,656228.06
8835350300,532807.75
7100000135,287443.12
7696600240,211036.55
9808640320,1057052.1
3764500180,573646.5
326049060,569239.4
4017110200,435015.4
7224500300,233170.5
1560930050,544851.9
726059395,464436.4
8964800890,2091930.6
4045500620,628873.75
8562710250,962062.2
1775800710,355352.9
9528102865,734982.06
8096000060,596471.9
1591000015,287515.22
2310000430,278920.28
3902300350,617515.94
4068300280,251270.17
8732130730,247380.95
6791100410,517519.8
7660100236,398985.06
2568200070,831356.0
7697870310,258345.78
8562901100,627503.06
4016800120,293696.4
7338200180,562261.0
6791400320,265416.78
616000200,379724.97
2917200675,471416.97
2926049086,676780.75
3621059048,435134.9
7987401095,724539.4
5589900590,344240.53
855700170,516174.7
4030500130,328904.75
1755700060,363345.1
2413900050,702472.06
2489200250,426242.34
420000085,239861.3
8106300820,500440.6
8651730580,439139.1
8106300090,432199.34
9842300095,408244.25
9477000280,393115.28
2877102495,375992.1
868001030,971987.1
8564860110,578297.9
6762700452,537547.7
3294700310,185711.34
7231501665,224682.88
7525900050,503624.47
7882600326,1574524.5
104550690,305394.53
3425059076,1065878.2
8835770170,1339521.0
2581300010,1124501.0
844000180,271270.3
7888100240,246785.97
3845100670,459603.75
4027700812,476767.44
291310390,346596.5
9550200370,619770.9
2328800130,282304.47
2372800100,250868.4
2923039264,619939.94
9282801720,306888.78
9520900230,582241.3
985000955,267154.06
1099600090,223250.11
9211010320,539069.8
3825310820,822646.56
9545240180,558215.94
87000245,179510.03
5041300100,612862.9
3624039150,264097.5
1370804430,563304.4
722079056,457518.62
9126100815,503407.4
1770000490,332205.94
3995700250,398943.97
7214820400,400856.56
2473411130,353811.6
1824059079,963004.94
3080000030,491432.3
984200540,306384.06
524059063,1776326.4
9482700475,751456.5
8024200820,509915.9
8568700015,356388.72
1223089050,382966.8
2205500400,482733.97
1279300085,692010.7
7376300085,465386.12
322069020,467238.78
291310150,343026.66
724069059,1812761.1
5255200220,420936.3
1931300850,438473.7
4427100105,409296.8
2881700231,361053.22
8641500280,294408.44
5406500440,638513.4
8078390150,699173.0
8945300090,203073.03
8819901030,788235.75
3179100220,746041.06
2126079046,349760.6
2621750350,322739.75
4014400190,464643.3
7853420110,587007.75
2114700368,315632.0
3438501081,270558.0
6850700670,775938.3
3352402272,255680.98
4157600150,667138.3
8151600941,303371.84
5160300030,529636.4
3820350120,336964.72
7338000800,193098.4
3359500110,803438.2
8016300240,611424.44
7203120050,829797.1
3322049201,249677.39
7231502505,218940.6
8106100105,3734302.5
3895100039,899358.7
1001200035,222320.14
2724201202,213991.23
4038100110,535358.06
8827900015,580296.7
2644900109,400085.1
302000375,242727.14
1604600095,367108.88
2600040160,610866.1
2129700525,322113.1
603000555,360098.62
4083302225,861888.6
7298000090,457449.7
2484700015,530550.9
8945100320,210760.2
5112800042,432742.12
8091411100,293857.25
7375100070,443339.47
7577700061,544317.44
7923700030,426918.47
4235400186,433937.28
1498303700,759556.4
3876312350,411389.66
3797001815,428110.22
868002015,1279362.8
597000550,446874.16
8956200530,433387.62
2207100165,486118.94
7942100180,225261.52
2468800040,337496.34
9842300036,376404.7
5700003985,1970328.8
2988000070,370797.06
8857320260,558287.8
2600040130,524184.28
6632900452,567184.5
7518505910,524335.25
1672000170,619306.44
2597800010,495897.34
8562790720,726137.3
4219401080,1858441.5
7000100711,723676.9
7954000125,554252.3
5700003640,1908885.0
5700000275,781335.25
4019301205,440666.16
8943600360,288883.97
2954400400,1265071.6
1321400060,264057.97
2255500123,610279.1
2781260070,401947.97
1313000220,711529.75
1125069153,1367980.9
8899000310,258651.97
4139450360,867007.3
5511600315,532476.06
3575302575,502540.62
3226049054,467514.7
274100090,326342.7
1545802080,239765.23
6669020500,293911.3
3307700405,515839.06
3760500407,1860800.2
7853270100,722394.3
9320350020,627327.1
7715800430,458982.66
6791400100,389688.3
7708000010,414405.53
1448800010,278242.53
1782500035,345620.16
3449500050,502998.06
2856100515,880685.94
1245000461,934799.0
1219000043,314768.06
5409800110,362497.8
2680700010,658049.25
8143100350,386691.5
2597150270,273102.16
2966800010,342568.3
8854000010,667658.3
2207200635,451255.25
1722059222,294431.2
9358002305,391920.4
6392001950,444745.8
3630080070,372382.2
3797001702,1045161.6
8127700440,641440.5
1446400785,201702.83
5016002275,959081.3
2818100060,1236134.0
6431000748,372932.7
7972600450,327764.34
8078570380,307110.4
7889601320,188328.88
1762600280,934329.3
3026059085,1194003.8
3475000080,641149.44
1370802620,621003.25
5151600285,301738.44
2722049218,337583.25
7696300080,394593.3
4168100020,227676.14
1474000050,427982.03
2473480350,333880.4
1139600270,293770.66
6699940120,351072.6
7016100120,425835.22
6752510010,765490.25
7915100490,636683.75
984210170,298068.38
6159400030,431105.16
3013300968,372610.25
6404600006,261424.75
2770602170,408702.38
1922059401,226090.98
291300010,334227.34
3856905185,505403.72
7304300905,291906.5
3416600185,542344.8
1786810040,735528.25
4354700010,398968.34
3902100175,858028.3
4305600360,450277.7
3622069114,601479.25
4376700570,641415.44
6795100589,574193.3
3344500085,478414.84
2206500105,421282.5
8731900880,357142.0
1682000160,216104.84
5104200380,251049.81
1982201595,564782.0
795002190,206940.5
7228500375,552346.9
9412200280,443341.16
5071401000,814341.25
597000566,335786.44
8151600101,178877.56
2028700265,489075.44
1670400090,154203.28
7851980100,1259018.9
5595900345,417540.66
4046700300,403068.84
4324210120,282421.06
2616800050,556531.44
1525079069,727416.1
9828201020,553538.1
2723069146,699798.06
9468200100,575667.1
2883200961,519744.06
1137300690,657968.94
2473100280,343137.6
723049448,253405.69
3066410810,706320.56
5700003280,996416.94
9268200440,391525.53
4053200410,320450.56
1234000704,1123883.5
2473372170,422106.1
2523039239,227264.39
4324500490,206439.05
238000244,423004.75
1105000571,366013.28
1771000430,316481.1
666000142,746470.2
3389900800,441978.88
3578700017,566299.75
3629970190,720779.25
255450250,337524.34
1154100205,324997.56
3629890190,1089132.8
3905080870,528838.44
8155820110,300809.53
5135000170,769482.94
2464400435,583486.44
9482700080,542045.94
318900080,436964.66
9477001410,381217.38
825079019,672639.5
1471701200,408317.44
5606000120,828585.6
7853350220,622584.75
1776460110,449387.97
3904920980,685910.75
8087800430,582325.2
3298200320,405306.06
9122500080,312069.3
7893804845,308774.1
1370803730,587802.6
8001450170,300415.9
5561400260,675206.44
7308600010,761816.1
3524039060,311349.62
7300400150,369778.62
207700050,552639.3
5595900355,240184.95
2652500285,767802.8
6744701310,2023741.8
525069127,1197895.4
3334000050,408598.7
8682220390,702501.5
4038700380,595658.4
8073000265,365908.6
9521100960,740320.0
5634500688,869129.94
6813600440,427067.53
1072010350,532729.5
7853301700,673428.4
5141000571,315303.47
2013802060,538420.94
7852070210,1372443.4
1402970070,344514.44
2310040020,360352.16
646910560,257970.58
6647400090,429073.2
8682231110,534885.5
4376700330,599027.44
8069000075,688213.9
7147600220,224989.06
4142450330,270481.9
5101404698,426718.22
6154500070,974699.5
1592000640,625296.94
3756900027,614372.7
7203220130,917993.0
643300010,494965.6
8651720150,492829.53
4139400910,772906.56
5054800110,320387.0
8835200330,404828.97
7682200340,255234.67
7203600745,404197.84
1895000260,249939.69
7922750020,557990.8
5437200050,453827.03
8732160250,251690.61
1442870440,519531.47
1471700410,383230.22
3204800330,383748.47
1923000160,1029883.6
2719100013,373954.47
3814900380,364973.53
326049038,463991.94
1068000110,1019987.94
8835800010,1026438.06
1560920200,477678.12
1668500090,704237.5
2597530070,843260.1
1139000035,591748.25
8032700072,501157.47
7732300390,741104.8
5130000080,496428.72
9276200890,436251.38
342000036,444153.7
5126300060,480779.06
2331300505,682121.4
8651410090,185236.4
200800330,454909.47
7520000616,320572.84
7170200110,445497.2
3021059155,224048.02
3582900280,1102618.6
7340600845,252044.66
3905040060,514259.9
3224800120,304302.84
6021503740,504855.5
2570300130,434669.12
8121100395,464493.1
3356404198,248810.98
3630090050,775272.56
923000413,446168.97
9201300020,1414577.4
1777600210,649263.5
7738500731,3895118.0
686900010,966544.5
7967000160,332167.62
3413700130,550878.1
7852190290,555859.94
1180007375,673272.3
3353404510,279827.75
7802900380,314059.22
8021700715,660767.2
3205100080,442284.56
4477000290,505497.25
1118001645,1426493.5
7979900806,328458.7
7228500415,653228.44
7212660640,312564.03
3826000735,196679.11
7714000250,420521.44
4400200057,604936.56
2487200279,575583.7
7140700690,270786.97
3304300080,588596.94
2887950110,264596.94
3760500222,786817.75
9269200786,349754.9
3734900110,190116.66
5045700400,531068.75
2140950130,446573.8
2612000200,366594.25
8563300085,439981.25
2425059173,654873.3
8091410930,293776.25
9422400035,582061.44
1112000100,668073.6
1323089056,379950.66
5015000596,869920.25
1535204165,532917.56
1438000430,483661.12
3222059130,567343.56
1982200330,637910.8
6624010010,235907.34
2303900035,4320162.5
259600620,539855.94
6072500490,493791.16
123039633,339969.84
8562780090,323382.44
5249802240,555174.4
6071200400,553029.44
826069002,341826.88
2625079030,750589.1
6742700210,1175860.2
9253900408,1495033.6
2560803085,246270.61
1237500540,396864.47
425069020,1079877.1
9185700440,2172740.5
8656300345,375204.06
4245400045,276157.8
9834201370,380054.66
7853300770,405834.4
9551201295,495391.1
898000220,237550.67
3834000720,342904.66
1245500690,719230.1
4083304190,606799.4
4178300080,805062.7
2960900045,594554.56
1446801030,245408.77
7855800910,714177.7
7853310150,610190.1
8732131090,284526.22
7967600285,475075.38
8651520510,607421.8
5379802650,230738.75
1425059174,474076.53
627300105,919737.7
3124089049,440446.4
1778350270,689154.4
8691500410,399886.75
9169600043,483741.38
100300500,308181.03
3221069054,710371.75
4443800385,539557.94
7922710450,691035.94
7880020030,676255.56
3288020050,334127.9
4136980090,778262.4
1687000240,308759.7
7812801785,231420.81
1126059144,643487.56
792500260,344371.53
3222049055,714944.4
8635750090,687953.4
2767601280,776577.2
5347200162,243962.92
7503800210,261467.88
3394100020,1079070.0
7663700783,407497.8
9454200030,478966.3
3791500050,313531.62
582000185,625132.4
3211230260,416376.38
323059103,368664.88
7297700055,349091.1
1545805460,247916.83
2341800195,298759.66
6648700150,280751.8
3860900035,1844424.0
1980200236,579052.8
1180002745,303192.53
3275890310,706064.6
6840701100,509211.25
8651402750,189553.61
1588600045,379360.12
2422029094,318302.34
1702901500,371033.72
3755100005,484626.1
3624039074,299786.28
7950302995,414687.4
5273200060,614832.25
8025700460,265630.25
280610020,1056836.4
3333002450,360060.88
7379600240,543728.06
4058802300,330844.53
302000065,196355.45
9527000180,584986.4
3626039403,331917.44
9510900360,245996.9
2310040230,368926.9
7308900490,625457.94
2206900065,356724.0
324059161,978455.56
7345310100,261595.58
2422049107,376946.4
8146100095,607728.3
87000283,355834.47
7937600010,303024.56
2618300350,237342.11
224069102,496814.22
7129302095,221469.66
7352200025,877075.94
6163900333,335330.1
3528960020,652221.9
1687000220,301078.16
4141400030,602361.5
1822500160,329582.03
5467910190,366768.38
9331800580,266534.12
2407000405,195954.0
5466700290,286638.6
3026059361,491535.44
1523069096,492495.0
3876312010,419143.3
8832900135,831870.7
9238900616,547146.6
4142450040,268515.22
9282800065,305051.62
5379800862,319547.25
2459950010,270719.3
4435000520,240941.81
1552800010,302061.47
7549800543,324425.28
9828200460,425512.9
6345000160,1040969.75
7129304105,342637.25
4302201005,326287.9
2450500110,710121.1
5166700050,519224.88
1085623710,410953.22
1123049129,284117.88
8566100200,1042480.8
1774000780,458065.22
9492500170,855054.94
686530530,627796.4
4022907770,592568.8
6052400975,268891.4
3438502501,469448.78
3758900023,1235772.1
1645000580,291312.75
8099200030,246828.8
7635801371,465127.0
3456000310,888929.1
2025059150,809803.75
2624039114,433040.6
3348401095,300489.25
6633900170,512913.94
2600000510,677659.1
9414700020,335497.1
3204800520,392763.4
1844500025,346899.1
4137010590,397701.8
8564950280,541232.4
1338800491,841308.2
4058801702,798443.5
461004720,559908.75
3123059107,631594.7
6819100380,563594.56
1193000390,1048877.1
3450300270,326096.28
3110800040,264595.16
1437910090,551314.4
3645500050,433970.78
4338800600,232831.84
2114700530,346337.47
6381500450,381021.1
9206950200,280015.94
4232900940,690485.25
1025049174,1029564.5
7774200070,733588.5
1231000310,473912.44
8155870200,303177.5
7935000625,990782.7
2426049079,333458.78
4037500230,524438.8
2331550120,318918.56
7974200765,507597.2
686200510,605512.0
4024100670,442454.16
3834500195,466476.1
3526059115,548433.8
7950304075,307093.72
1386800054,316883.06
9834200165,588355.06
6147650300,332500.72
6891800360,581146.8
9170500060,588068.44
65000260,817872.44
7784400130,570245.6
7941140070,334298.12
2122049096,188224.9
6003000851,344825.38
7203220050,992258.75
8898700960,291712.53
5245600105,205126.72
3530470190,194963.45
7883603965,321527.5
4022902505,485409.66
3211100240,333037.7
5119010090,535533.2
3821000100,255813.92
7301300050,389129.4
2171400197,374004.75
9471201175,1596701.4
2473450200,391787.38
2258500045,445856.78
1139000400,488614.84
3298701025,223775.11
1498302774,292315.47
9276200190,556166.94
2909300240,647106.1
1250200693,575422.3
3101500010,352249.75
2557000630,266308.75
1324300091,398319.0
2826049260,441913.12
3342100421,653274.56
3524049083,418570.5
9103000393,1522682.5
3121059033,268180.5
7853240200,620690.6
7950700120,297293.94
1822059057,162384.03
1219000473,289451.78
9272201385,712536.8
1336800185,1191800.2
9268851630,431901.03
2788400315,249714.06
3529000930,564059.1
5631500967,449250.4
2188201010,250042.92
8562970040,726618.06
4415600030,346406.16
2473251170,283151.94
7511200020,537628.2
1163400020,268087.66
5412400180,245500.98
255450400,352663.2
1687000210,308262.44
6749700004,313422.8
2738650030,582178.0
9136100420,674301.06
1924069115,812079.0
714000155,598005.1
904000045,689262.8
3395070640,286235.12
6308000010,657635.2
2695600130,368170.53
3626039279,380300.12
1623089039,240889.2
3438501327,332897.3
8118600025,369062.38
7625703435,840982.5
1807900300,613147.6
1862900360,299921.25
2768100186,510239.88
2524059269,921759.94
1126059108,931834.1
7856610130,779689.5
7203000200,256254.4
3630120700,791461.2
1612500090,210226.62
3586500620,1015113.56
5207200360,457063.34
6675500035,411533.66
1781500385,358831.94
1150900080,805650.25
9541600355,869598.4
7525530670,769788.3
844000375,315111.66
9578140180,356947.56
9558041130,344137.12
1788800910,190480.16
9550200225,519726.22
8643200055,260096.53
6143000020,285665.44
8941100095,1198873.6
3630010020,420702.72
2895800610,327957.25
822039084,782780.7
5423600080,584312.25
3992700775,462387.56
3816700150,426471.66
4083302485,692944.5
5127000810,349225.97
1725059182,1163718.1
9485930120,395467.3
293850040,594011.0
8731981940,352987.56
3330501545,295314.75
1026069061,766203.8
8121200710,502878.16
3764390100,429836.22
9493200010,337286.22
2902201301,611565.0
3444120130,446572.53
5256500025,466318.66
4022902715,551322.75
871001500,737765.8
2329700440,192122.84
1773100275,252098.5
7852160070,1033155.56
2141330560,612195.8
2505500009,724469.6
8647800150,341208.38
4337000200,237330.58
9264901680,240693.55
1773101050,311868.5
9320990120,311996.4
8856960280,320137.78
5589300585,317988.62
7935000595,908331.75
7203150080,650483.2
5616000030,309484.0
825059178,3023118.0
6666830390,747614.4
8732900840,676058.25
2095800520,498081.38
1771000760,351674.75
1901600090,378783.88
8857600680,238315.14
4038700830,605170.25
8956200070,399907.72
8081500050,2074853.5
567000755,436714.7
424069264,722359.2
1564000410,864499.9
2817100910,325710.28
3303960080,900616.94
3340401535,196138.72
1622059095,296686.97
3278601940,387699.2
7202380120,467626.16
745500010,814967.44
6608500220,398832.53
8024201055,382025.7
8929000140,445235.12
859000160,315457.44
8673400061,418538.56
1269200229,997684.44
6705850300,767892.94
3395040550,313846.03
1697000370,210180.72
5245600120,237117.69
8892900180,224888.03
1794500360,673046.94
2025049192,540245.3
1930301325,904734.44
4217402162,1425042.6
8126300410,570752.2
3345700215,648554.94
2887701420,439505.25
2887701251,426100.5
4036100175,644701.3
6762700515,1144366.0
3192000085,182980.06
226059096,1365785.6
9238900855,434397.28
6706200130,320330.47
2744000010,265177.2
7202271060,662637.6
7923200150,575851.06
162500030,332839.22
2571910210,285021.3
1523059105,329507.84
6052401215,269355.97
6626100260,734905.6
8925100115,1190973.0
5459500165,699927.56
7686202635,176972.88
1118001370,1392111.2
122029066,465759.97
8039900130,333486.44
3262300235,1138297.9
8860500300,331911.12
8956000250,553493.25
1646501920,526702.8
9284801500,399677.8
1442880380,505657.78
1311500020,254571.98
254000695,345578.94
9477101280,428403.88
9510970530,647740.25
6891800500,597921.9
9407000230,300539.4
7202340590,682026.4
8151600590,368397.06
9407001600,303708.8
1771000690,332871.94
1525069134,1034201.44
8645540040,286640.78
9414500200,439696.44
7883607645,191788.75
3845100140,352779.25
2726049164,428461.47
4340610040,320575.88
1245003006,1201404.2
1105000373,273756.94
6083000123,191933.48
1777600450,627084.3
9558000100,433223.6
2473002060,324628.62
943100689,361864.0
7544800395,416881.38
1931300090,607244.0
7936000252,497942.22
7987400316,293673.2
5152700060,756638.44
1721801025,218712.92
3438501450,306807.72
9222400510,387620.8
1796700160,264269.6
323059208,349072.8
3392100050,181465.9
4038500210,729227.56
6324000090,358881.56
7549802535,438327.38
3343900326,508950.56
5701700640,819000.25
5249803185,513709.44
8838900032,786413.44
1237500577,959637.56
8642600090,324615.3
3303100075,454208.06
2133020020,389410.4
7950302890,479477.75
2770601734,664807.44
2538410140,341779.6
8159600360,590668.5
917000300,422467.75
2391600330,363923.88
9285800585,504246.34
2005950050,249356.14
6450301835,361100.06
2473480520,327514.06
2818600010,1261480.2
952006728,352461.1
3422049088,313187.66
3629870420,887075.4
1079350090,306848.12
1509500060,398036.47
4039000050,519286.28
5288200230,678207.4
626400020,722772.0
5457300095,1699321.8
5000500055,229599.95
324000530,465291.16
6713100031,432808.97
3316500200,495161.53
3124059006,1259965.4
1125079111,1490020.5
7852020300,478231.03
123039364,251593.89
7883603190,273150.6
9828700900,572404.4
6821100015,660013.94
9522100375,667175.25
2420069201,260166.75
7504110330,763383.4
475000510,587746.0
2425059074,833624.2
7518503685,365319.7
5466400550,227591.9
7852150720,427196.25
3066400140,648713.9
3298400470,535787.06
2902200874,688414.06
9500900110,214598.61
8835200160,342428.2
6056100295,307340.72
1858600042,337793.53
7224500010,274147.5
5457801925,727918.5
7575620750,273019.34
2391600735,472601.3
6192400180,803441.25
5249803870,510096.34
3575302880,405249.62
7225000045,185053.12
5561720180,270570.38
1972200428,521042.34
892000025,182028.88
2944510080,290443.1
2428100100,787365.75
6647400250,490998.06
121059038,399209.25
6398000191,517789.38
526059103,324054.22
8856960720,305116.8
3832500260,264081.12
1623089025,411942.8
3625710080,980514.4
6446200060,697848.7
5706200370,424688.3
5515600088,230946.36
8029500360,351828.4
6700390150,259723.5
642500080,410538.4
6150700264,376658.56
2473371780,377671.8
3905120540,577681.6
2652501215,728875.75
3176100110,707862.75
7574910650,790641.9
6385800030,300827.6
4443800960,535691.56
8731951490,279048.5
3380900125,356315.3
9828701508,637738.06
6699950310,362635.1
3321049112,406787.62
1824079052,977030.8
8032700140,815515.56
8679600150,571628.06
5040800120,954083.94
2026059119,427948.16
4024100951,454904.25
7212650990,314908.28
936000060,361939.6
6181500340,339802.6
1137400050,427552.47
3324079092,426342.75
4268200055,275779.88
6145602240,381123.94
475000176,446317.5
3279000120,239090.72
9392200030,256974.89
3438500714,358155.7
4306500070,379784.75
8588000610,189247.98
792500190,369902.06
2461900850,440915.0
2660500365,369228.2
5451210100,742150.2
2787000040,311194.06
3278602670,259550.9
9528100899,617743.3
1324079085,320794.88
9477001140,394735.2
9521100880,703399.2
7853210060,413716.47
1326069094,403794.84
3420069065,373197.4
5468730280,271552.97
5437600140,326053.38
5127000410,349223.3
5445300050,547892.75
3375300360,227601.02
9297800165,547682.25
6021500840,660410.6
4323700230,458083.56
643000110,248570.48
8043700105,2609109.5
6824100014,404705.84
9542830480,312631.12
736100065,972192.0
2592210510,914217.0
4233600260,1056985.6
1266200015,742757.0
2787700060,336826.56
8843900396,357484.47
8029500380,287935.34
5292200010,439610.9
1773100980,327253.06
2886200070,570724.94
8594400110,344633.38
9268850180,316649.84
4141800285,1667606.4
3188100007,413328.03
1796380960,263193.88
7202330030,482175.84
8078440140,554978.0
7983200060,205207.72
4427100025,451586.3
2113700510,294305.12
6446200305,639659.8
3425079088,561980.6
3304040130,361247.8
3222069153,300728.94
5127000470,336556.53
7525100520,444108.38
1868902745,846742.2
2920700220,323703.34
1105000780,386715.1
8563080020,810796.0
3630090110,792659.94
856000195,1975736.5
8649401000,236054.08
1315300095,757978.9
6802200670,250219.2
1523069022,346999.0
2624049165,510131.88
1972202080,579650.1
7211340030,240630.44
8850000180,399506.3
2787250080,515915.8
4235401055,545478.9
5226500250,472709.03
3294700421,319975.7
322069180,645166.3
1025059186,496553.72
1923039022,518686.4
1402600110,377482.4
6817810190,391868.47
434000030,675163.94
6056110460,554271.9
4337000285,231212.12
5710610250,628175.44
1049010620,243770.58
5112800234,380653.2
2309000060,544922.5
2985800030,440074.0
1604601570,378717.06
1563102435,749744.2
257000105,194910.1
6788201440,765050.94
1442300005,397765.53
4055700784,785729.0
3889100029,786405.94
4139450760,1070255.1
6079500230,637728.94
259601010,399783.4
3980300020,286608.78
9390700100,500545.62
7200001005,459833.5
9264920250,268272.3
8682260470,461248.62
4083303815,770783.7
7383450250,362876.56
253600180,407285.28
1450000210,175446.52
1133000100,462350.97
7511000050,1132957.5
5710600030,559082.75
4178300310,780277.1
3041700570,509015.12
1238500978,424629.56
431500155,627879.0
2937300050,980546.1
1352300315,205581.47
3277800823,363959.28
8895800110,1036725.5
9274200318,545913.4
1118001805,2050320.9
629810720,818153.25
6852700476,579058.94
7345200650,226523.06
8929000290,449991.78
5506500170,587106.25
8899000140,251765.5
4006000423,275478.9
7137910140,251142.48
2423020010,415212.16
40000362,158036.97
1657000070,243731.3
2124700015,228296.23
1887500045,278883.84
6838000170,440609.4
1310910290,303859.47
3599600276,212539.67
8142000080,361215.78
8856971000,272145.38
624100950,717310.1
2767704332,470410.53
405100165,396276.75
6117501755,433941.8
8961950410,318283.53
1523550480,596947.6
6840701160,622237.5
3331500650,320891.25
1862400517,363654.3
9558021000,370263.84
1310800090,216463.73
5104511040,356874.72
522059189,229048.17
3448720020,382820.75
1310700330,262040.03
5649600462,317398.12
1853000510,1014284.25
8128700005,302615.66
6352600210,835257.2
3754500010,868456.4
1962200475,913182.7
1773100765,262174.25
8895800200,977583.5
1310900260,315990.4
809001525,882166.25
2624049103,333396.44
9191200380,650902.7
6600060120,455394.75
8150100045,251686.28
9558010190,368995.53
4038700930,561973.1
2883200775,627511.44
4036800910,454058.62
8673400177,548652.5
7110000068,755087.9
3279000240,225127.94
9545230280,517146.34
8815400105,594326.06
6738700075,961232.25
8732030490,291358.88
9532000070,538599.1
7752400075,524156.78
3824100051,384299.28
2768000270,546380.6
108000127,475406.25
844000225,266723.56
6817850040,936004.2
4447300137,951929.94
8598900125,367014.72
5072410070,457281.75
7129300520,241689.53
3830210020,187485.0
4137040250,302524.2
3022079080,732201.8
722039087,222203.14
3924500040,674124.25
2473381090,341152.06
2201500490,396215.9
9265410090,228452.61
9286750100,394268.7
2023700040,585494.25
324000280,648247.56
3814800280,349311.9
7697100030,533917.1
8731900790,314108.94
8044700010,556117.6
6123600100,206966.36
1450100390,185603.33
579000550,447835.38
2459000020,313429.7
5016000315,448086.56
1193000190,869969.2
4038700730,534877.3
1556200265,719691.25
6600410170,219773.61
642800130,721634.2
1043000100,381307.53
7809200055,241884.16
7010700308,1172899.0
8680500090,550646.0
2719100355,600371.44
7905200147,565448.7
271200130,229724.36
326049103,506548.78
8682211030,455898.8
1070000390,1253284.2
8648700450,635314.2
2695600410,462201.06
8562710640,972052.94
1525200060,651120.0
1822039138,683866.3
2767601375,520221.62
3425069117,1343675.4
952004570,358657.12
7625702616,326780.25
9818700430,489947.5
2822059091,272354.9
1775900220,347552.1
6371000079,631261.7
293760150,964877.56
1336800880,1259362.2
2771600550,1076659.5
3905040040,503856.0
7787110060,451024.22
7708250040,348412.28
4022901316,508289.9
191100235,920397.56
7852050220,362955.12
3293700480,416497.5
2597450620,1358945.1
6169900580,1350442.9
2767602855,805797.0
810000080,895893.44
6392000625,501421.38
1865810290,197449.84
1568100380,331263.8
5249804760,378056.7
1337801060,835053.25
6181410950,260702.48
9264900660,296185.16
9122001231,580008.44
4427100030,435520.6
7334400070,304916.1
425079001,605221.6
7436500360,499979.3
1245001295,772001.94
1310500550,304921.9
4047200950,264672.62
9103000455,762894.3
2291400341,309433.25
3876100310,398467.94
7131300031,258202.67
7853380510,679057.8
7409700215,664408.1
5248800250,376224.16
126039323,428278.88
6632300207,355794.06
3826501060,262393.62
8024202520,411743.3
3343901401,512851.8
6431000005,571570.9
9232900075,329218.25
3056700150,218859.81
5104511250,444617.34
3658700510,643965.2
2895110062,328602.2
7454000990,278058.16
4038700680,644976.25
7811220070,608277.44
8091670030,360271.4
3438503045,251272.1
6388900710,520060.9
7956300020,191809.78
1775930440,495083.16
1762600190,973012.9
6600400260,224617.31
8728550150,585022.06
8155500110,597524.0
9169600135,460318.75
1777600490,666392.44
125059179,680763.75
7558700030,4665159.5
1702900624,322339.25
3343901403,517181.84
5101400994,370246.53
5547500050,273472.75
1705400350,367622.5
629810800,905632.2
4104900150,585129.75
7888000390,203648.45
4140900270,343180.78
6649900030,416022.72
820000012,449199.44
6151800080,333324.9
7454001060,257797.92
8682262330,417886.44
1566100010,355321.06
1180500070,418236.1
1112630130,395829.2
3101500090,425516.16
8682310220,668721.25
4032500035,474279.56
1623800440,482851.38
1088400190,227915.97
751000080,414554.94
6675500070,384435.62
2193340140,529621.25
522049074,365651.5
3204500340,260519.56
5104200470,437796.8
7517500611,707618.44
2946002140,232882.7
7631800110,852314.56
3529300330,334302.9
3885801970,645062.4
5456000570,1160850.6
4123810090,354061.72
4037000635,491452.0
8079030350,443713.8
1726069060,659604.3
6858700225,237327.62
3356406510,216106.69
5423030040,591764.06
3111300040,458148.25
259800060,473449.4
1972202320,444154.97
5100403818,353980.7
1422700040,225696.75
3625049014,2717737.0
7852011040,588134.56
1201500010,718059.56
7195800009,300697.38
9407001320,265888.0
9508850100,623042.7
1328340380,277202.97
3885804305,1074842.6
7128300630,650469.56
7574000080,381498.12
3744000150,455453.8
2607720150,513557.56
7203190110,716180.2
3904902430,672552.94
11501160,780729.7
9209900315,463980.88
9465910030,572261.4
3622069103,675158.8
3288301010,478051.8
4395600060,800732.6
7694200380,334257.62
9552700550,619953.5
9264921110,277405.28
6738700225,1041771.2
293620220,813367.2
7525300310,615849.2
3992700036,413070.3
3577300040,465401.22
3812400202,204801.84
2402100055,655651.3
1853080790,863584.4
1994200260,627061.56
1339300025,801380.5
7616200050,534225.8
4022902555,612831.3
9528102110,659269.1
6613001241,1600778.4
3205400240,334762.0
6065300840,1603057.8
7852040080,526101.9
1920079039,268561.84
2817910030,449769.56
1563102880,753922.2
8561200110,534951.8
629000605,1070803.4
2781270440,237771.89
6152900273,319546.94
3303950130,377052.8
6411600113,331666.53
4055700167,840367.56
291310310,523231.34
9523100550,786573.2
724069070,947597.6
2408800120,384165.16
7559600200,640267.7
8165500790,382184.56
7856620870,838511.9
1588600040,332175.84
1023059246,480656.66
1938000140,731301.56
6061400160,378471.53
4167300350,247002.11
8649400790,260081.66
173000036,339782.5
225039049,558171.2
8043700300,2650674.8
3834000400,405114.0
4054530260,1763584.0
8724300010,673699.44
9358002232,366946.12
3298700012,235487.23
1125059071,991982.5
3885805300,438534.75
5315100784,1055745.5
3861400030,765432.6
7202340010,636371.1
7272001805,313218.12
2781250230,328724.12
1042700300,879112.56
123039279,185946.52
3760500336,1401902.2
6979940100,793451.8
686300880,650495.6
5214500690,405284.8
6021502250,651024.4
1320069223,325869.66
2871000300,794805.2
2724069117,396714.25
1159400220,721186.3
2571900380,285277.5
5528600050,332358.7
7686202730,159355.03
2225059118,818478.7
2558630350,429854.25
3655400060,421805.5
9558200080,283310.47
1796100015,568429.94
3378900020,482825.6
5416500040,307639.25
8856004582,202628.86
3812400107,453100.06
6126601445,508931.62
2997800021,438875.75
1211000280,358833.3
766800090,262614.2
3224079005,303860.3
619000100,353287.62
4319200620,349085.12
626059335,500612.94
3340401570,295836.8
7015200800,629273.3
8106300510,498085.16
1446110020,459304.5
2872900280,622282.0
8965500320,752985.94
7853300070,506471.0
5652601455,691107.1
7579200915,930392.94
2641400160,373470.12
203900460,419052.2
2998800040,618681.9
7519000170,570870.8
923000425,740683.7
2973800030,205323.81
6430500182,942457.8
7304301010,362299.1
3861470110,2036712.1
2296500136,742245.75
6790950150,736268.7
8123100045,499081.78
3142600130,631276.1
7137970130,318576.88
8656800190,401777.8
7135300046,288719.0
3629960680,437818.94
1133000385,818872.94
1085621960,307237.84
9542802000,210604.28
8151600973,528521.25
7019000050,383715.88
6021501920,649197.9
7399300420,253251.55
7548300731,616301.6
5316100220,1040093.5
5152600090,307515.16
1703400470,358123.6
7316400070,316221.3
5561300380,483307.0
2215450100,340076.22
8635750330,646816.75
9492500140,859973.94
5315100393,724629.94
8588000315,216508.33
7524200180,246029.28
4235400255,346199.1
326069131,581371.3
4077800026,874633.56
9477000120,353686.75
5608000590,1008413.4
4137050130,293233.78
5249801440,432612.53
9264901510,255418.27
5437820250,207139.94
200500410,464723.06
9407111100,285829.5
126039252,396668.84
6141100255,445912.9
3013300830,397253.75
3271300955,824990.94
3021059276,268189.44
9542000050,688081.94
2769600035,768454.8
3824100364,464426.66
1726069202,343453.84
7327500270,310467.22
1189000207,435683.03
2472950160,271601.9
9558040050,562221.3
3438503120,347422.2
9407150240,279005.94
1370804295,643506.56
5700001100,677145.5
6837820030,426383.84
5411600210,841652.44
5061300030,280720.75
525069133,942240.4
2121000250,351210.9
3179100720,621553.7
2780700050,433984.88
1545805820,261593.58
5702380630,260290.34
9211010260,537202.8
7129300595,256427.73
6802200100,247851.6
3304030140,383893.78
2623039019,817575.3
104500730,202800.14
2924069132,590015.44
1775500310,587142.06
8114000040,308193.66
2011400021,418266.03
7525570020,667375.7
2917200615,426379.34
7697000170,294833.8
7871500070,816074.94
7215722010,507689.66
6300000378,498929.5
7159200005,2509974.5
8946410040,397070.03
3893100327,337529.5
635000009,910010.4
2322069116,483938.4
2760200050,363416.8
3432500210,295172.28
5700000245,615013.44
7588700177,330367.2
9178600135,704920.2
9830200475,455681.03
8562780160,318314.5
9826701665,526816.9
7504010900,686117.44
2770606915,460607.72
1254200075,617633.75
2473450430,420815.5
1433290010,413868.4
7586200061,349643.88
6841700070,558279.3
9826701320,523353.6
8943600720,299167.38
6791900260,802030.4
2301400640,760555.94
7979900210,359030.47
4037200665,434030.8
984000650,299269.53
2937300060,932124.8
8731982190,254806.62
1445200190,267829.56
952003285,735269.5
1402970020,408720.7
2487700274,405108.97
8113101670,411151.97
8682300400,612270.56
809002435,662627.5
4045900147,595599.3
2991000400,280376.16
9456200405,191576.88
5104510370,301554.03
9414610240,477679.5
2111010760,369136.3
1854900430,676135.0
2624300080,805762.44
3645100280,502856.1
1433100010,262435.7
9533600100,1015652.94
6743700030,534833.44
9294300070,697536.0
2114700540,260720.14
7853280550,757634.1
868000175,660849.1
1446401290,222772.64
9109000050,313528.66
8856004327,258501.53
2329800110,268624.6
3031200230,405079.62
7582700075,1692637.0
2422049104,160889.25
9274202885,555951.6
1770000090,413764.22
9500900430,234194.75
7305900082,336847.12
3336000170,392455.25
5680000455,760099.8
9808630210,973805.7
8807810110,443451.94
3824100211,424525.5
3423059153,582093.06
3937900120,450110.25
524059323,749907.25
4305600250,526696.8
1257201375,564804.1
853600150,1352809.5
2424059174,1476641.1
5205000400,293521.97
2658000115,213164.89
3055800020,268209.38
357000025,556803.25
5666300010,343144.44
4167700210,257718.28
9187200275,723400.2
2960900040,460397.78
1021049022,242927.69
7750500120,220700.08
7153200160,1149433.4
4406000390,253751.98
629800380,1389363.1
2026049125,290392.97
6117502230,1627956.0
3379100130,452577.06
2472920140,432449.2
7214720075,578903.2
1771110070,341961.84
5127001600,312323.6
6666860210,333593.66
5467200055,370407.22
7819000040,345678.8
3790700070,304102.1
6362900138,340795.34
597000593,365848.94
8032700070,623591.4
9301300215,1007482.9
8902500118,389217.34
6607000095,398086.97
2163900081,801314.75
7732500270,685974.8
3856903515,600848.56
2557000400,274494.7
4386700135,1699028.4
7399000360,315176.88
